ALT-KM,T-DEG-K,T-DEG-C
119.200000000000,146.700000000000,-126.450000000000
118.500000000000,130.300000000000,-142.850000000000
115.800000000000,151.000000000000,-122.150000000000
113.100000000000,154.900000000000,-118.250000000000
110.400000000000,158.000000000000,-115.150000000000
107.700000000000,184.800000000000,-88.350000000000
105.000000000000,180.900000000000,-92.250000000000
102.300000000000,182.100000000000,-91.050000000000
99.600000000000,175.800000000000,-97.350000000000
97.600000000000,171.800000000000,-101.350000000000
96.900000000000,148.200000000000,-124.950000000000
94.200000000000,160.300000000000,-112.850000000000
91.500000000000,166.900000000000,-106.250000000000
88.800000000000,183.700000000000,-89.450000000000
86.200000000000,178.600000000000,-94.550000000000
85.600000000000,192.100000000000,-81.050000000000
84.300000000000,194.300000000000,-78.850000000000
83.600000000000,195.000000000000,-78.150000000000
83.000000000000,201.800000000000,-71.350000000000
82.300000000000,202.600000000000,-70.550000000000
81.800000000000,208.500000000000,-64.650000000000
80.600000000000,209.600000000000,-63.550000000000
79.900000000000,207.300000000000,-65.850000000000
79.400000000000,210.200000000000,-62.950000000000
78.200000000000,212.500000000000,-60.650000000000
77.600000000000,214.700000000000,-58.450000000000
77.100000000000,215.700000000000,-57.450000000000
76.100000000000,221.400000000000,-51.750000000000
75.500000000000,225.100000000000,-48.050000000000
75.100000000000,228.300000000000,-44.850000000000
74.200000000000,234.000000000000,-39.150000000000
73.700000000000,234.400000000000,-38.750000000000
73.300000000000,236.200000000000,-36.950000000000
72.500000000000,236.500000000000,-36.650000000000
72.100000000000,235.600000000000,-37.550000000000
71.800000000000,236.700000000000,-36.450000000000
71.100000000000,234.900000000000,-38.250000000000
70.800000000000,235.100000000000,-38.050000000000
70.500000000000,237.100000000000,-36.050000000000
69.700000000000,236.400000000000,-36.750000000000
68.800000000000,243.700000000000,-29.450000000000
68.000000000000,239.200000000000,-33.950000000000
67.400000000000,235.000000000000,-38.150000000000
67.300000000000,234.300000000000,-38.850000000000
66.800000000000,227.200000000000,-45.950000000000
66.400000000000,219.400000000000,-53.750000000000
66.000000000000,220.700000000000,-52.450000000000
137.100000000000,151.200000000000,-121.950000000000
135.200000000000,144.000000000000,-129.150000000000
133.300000000000,138.900000000000,-134.250000000000
131.400000000000,147.200000000000,-125.950000000000
129.500000000000,135.200000000000,-137.950000000000
127.600000000000,135.900000000000,-137.250000000000
125.700000000000,126.100000000000,-147.050000000000
123.800000000000,124.100000000000,-149.050000000000
121.900000000000,117.100000000000,-156.050000000000
120.000000000000,117.500000000000,-155.650000000000
118.100000000000,122.000000000000,-151.150000000000
116.200000000000,128.600000000000,-144.550000000000
114.300000000000,134.200000000000,-138.950000000000
112.400000000000,140.900000000000,-132.250000000000
110.500000000000,149.300000000000,-123.850000000000
108.600000000000,145.400000000000,-127.750000000000
106.700000000000,157.300000000000,-115.850000000000
104.800000000000,162.900000000000,-110.250000000000
102.900000000000,165.600000000000,-107.550000000000
101.000000000000,169.100000000000,-104.050000000000
99.100000000000,160.200000000000,-112.950000000000
97.200000000000,156.900000000000,-116.250000000000
95.300000000000,167.200000000000,-105.950000000000
93.400000000000,165.500000000000,-107.650000000000
91.600000000000,156.300000000000,-116.850000000000
89.700000000000,165.300000000000,-107.850000000000
87.900000000000,169.300000000000,-103.850000000000
86.000000000000,180.000000000000,-93.150000000000
84.300000000000,194.400000000000,-78.750000000000
82.500000000000,199.300000000000,-73.850000000000
80.900000000000,204.200000000000,-68.950000000000
79.300000000000,208.400000000000,-64.750000000000
77.900000000000,211.500000000000,-61.650000000000
76.600000000000,208.700000000000,-64.450000000000
75.500000000000,208.500000000000,-64.650000000000
74.400000000000,211.500000000000,-61.650000000000
73.600000000000,214.400000000000,-58.750000000000
72.800000000000,220.300000000000,-52.850000000000
72.100000000000,229.300000000000,-43.850000000000
71.500000000000,232.900000000000,-40.250000000000
128.300000000000,170.200000000000,-102.950000000000
127.000000000000,169.400000000000,-103.750000000000
125.800000000000,210.000000000000,-63.150000000000
124.600000000000,237.300000000000,-35.850000000000
123.400000000000,266.600000000000,-6.550000000000
122.200000000000,241.000000000000,-32.150000000000
121.000000000000,212.300000000000,-60.850000000000
119.800000000000,184.400000000000,-88.750000000000
118.600000000000,192.300000000000,-80.850000000000
117.400000000000,154.200000000000,-118.950000000000
116.200000000000,170.400000000000,-102.750000000000
115.000000000000,198.000000000000,-75.150000000000
113.800000000000,216.000000000000,-57.150000000000
112.600000000000,204.500000000000,-68.650000000000
111.400000000000,206.300000000000,-66.850000000000
110.200000000000,192.600000000000,-80.550000000000
109.000000000000,189.900000000000,-83.250000000000
107.900000000000,189.700000000000,-83.450000000000
106.700000000000,190.300000000000,-82.850000000000
105.500000000000,188.400000000000,-84.750000000000
104.300000000000,178.400000000000,-94.750000000000
103.100000000000,186.000000000000,-87.150000000000
101.900000000000,185.100000000000,-88.050000000000
100.700000000000,175.700000000000,-97.450000000000
99.500000000000,166.400000000000,-106.750000000000
98.300000000000,160.600000000000,-112.550000000000
97.100000000000,153.700000000000,-119.450000000000
95.900000000000,147.400000000000,-125.750000000000
94.800000000000,147.500000000000,-125.650000000000
93.600000000000,161.500000000000,-111.650000000000
92.400000000000,169.500000000000,-103.650000000000
91.200000000000,170.800000000000,-102.350000000000
90.100000000000,178.900000000000,-94.250000000000
88.900000000000,182.000000000000,-91.150000000000
87.800000000000,187.500000000000,-85.650000000000
86.700000000000,185.900000000000,-87.250000000000
85.600000000000,177.100000000000,-96.050000000000
84.500000000000,174.500000000000,-98.650000000000
83.400000000000,179.400000000000,-93.750000000000
82.400000000000,185.300000000000,-87.850000000000
81.500000000000,191.400000000000,-81.750000000000
81.000000000000,194.300000000000,-78.850000000000
80.100000000000,200.400000000000,-72.750000000000
79.300000000000,206.900000000000,-66.250000000000
78.500000000000,211.000000000000,-62.150000000000
77.700000000000,212.800000000000,-60.350000000000
77.000000000000,213.000000000000,-60.150000000000
76.400000000000,215.200000000000,-57.950000000000
75.800000000000,217.500000000000,-55.650000000000
75.300000000000,222.000000000000,-51.150000000000
74.800000000000,229.000000000000,-44.150000000000
74.400000000000,226.200000000000,-46.950000000000
74.000000000000,226.400000000000,-46.750000000000
73.600000000000,223.300000000000,-49.850000000000
73.300000000000,224.400000000000,-48.750000000000
72.900000000000,222.800000000000,-50.350000000000
72.600000000000,226.700000000000,-46.450000000000
72.400000000000,230.400000000000,-42.750000000000
72.100000000000,234.700000000000,-38.450000000000
71.900000000000,236.500000000000,-36.650000000000
71.700000000000,237.100000000000,-36.050000000000
71.500000000000,235.700000000000,-37.450000000000
71.300000000000,235.400000000000,-37.750000000000
71.100000000000,233.400000000000,-39.750000000000
70.900000000000,234.400000000000,-38.750000000000
70.800000000000,234.700000000000,-38.450000000000
70.600000000000,233.000000000000,-40.150000000000
70.500000000000,229.000000000000,-44.150000000000
170.000000000000,141.000000000000,-132.150000000000
166.000000000000,134.000000000000,-139.150000000000
162.000000000000,135.000000000000,-138.150000000000
158.000000000000,133.000000000000,-140.150000000000
154.000000000000,132.000000000000,-141.150000000000
150.000000000000,133.000000000000,-140.150000000000
146.000000000000,136.000000000000,-137.150000000000
142.000000000000,143.000000000000,-130.150000000000
61.262000000000,234.000000000000,-39.150000000000
60.395000000000,240.800000000000,-32.350000000000
59.550000000000,246.300000000000,-26.850000000000
58.835000000000,252.600000000000,-20.550000000000
58.119000000000,261.000000000000,-12.150000000000
57.439000000000,267.600000000000,-5.550000000000
56.768000000000,273.700000000000,0.550000000000
56.204000000000,280.200000000000,7.050000000000
55.564000000000,286.300000000000,13.150000000000
55.053000000000,292.100000000000,18.950000000000
54.424000000000,298.000000000000,24.850000000000
53.929000000000,303.800000000000,30.650000000000
53.368000000000,309.300000000000,36.150000000000
52.914000000000,314.400000000000,41.250000000000
52.373000000000,319.700000000000,46.550000000000
51.886000000000,324.700000000000,51.550000000000
51.424000000000,329.400000000000,56.250000000000
50.968000000000,334.200000000000,61.050000000000
50.505000000000,338.600000000000,65.450000000000
50.106000000000,342.800000000000,69.650000000000
49.659000000000,346.700000000000,73.550000000000
49.233000000000,349.200000000000,76.050000000000
48.824000000000,351.300000000000,78.150000000000
48.684000000000,352.700000000000,79.550000000000
48.278000000000,356.200000000000,83.050000000000
47.876000000000,359.300000000000,86.150000000000
47.525000000000,362.000000000000,88.850000000000
47.147000000000,365.400000000000,92.250000000000
46.763000000000,368.500000000000,95.350000000000
46.393000000000,371.500000000000,98.350000000000
46.056000000000,374.100000000000,100.950000000000
45.698000000000,376.900000000000,103.750000000000
45.366000000000,379.600000000000,106.450000000000
45.040000000000,381.600000000000,108.450000000000
44.725000000000,382.400000000000,109.250000000000
44.405000000000,384.200000000000,111.050000000000
44.083000000000,386.600000000000,113.450000000000
43.790000000000,388.800000000000,115.650000000000
43.498000000000,390.700000000000,117.550000000000
43.193000000000,392.100000000000,118.950000000000
42.873000000000,393.800000000000,120.650000000000
42.570000000000,396.200000000000,123.050000000000
42.279000000000,397.900000000000,124.750000000000
41.999000000000,400.000000000000,126.850000000000
41.733000000000,402.100000000000,128.950000000000
41.470000000000,403.800000000000,130.650000000000
41.185000000000,405.500000000000,132.350000000000
40.912000000000,407.800000000000,134.650000000000
40.636000000000,409.400000000000,136.250000000000
40.413000000000,411.400000000000,138.250000000000
40.154000000000,413.400000000000,140.250000000000
39.876000000000,415.300000000000,142.150000000000
39.643000000000,417.000000000000,143.850000000000
39.364000000000,418.900000000000,145.750000000000
39.142000000000,420.600000000000,147.450000000000
38.876000000000,422.500000000000,149.350000000000
38.640000000000,424.400000000000,151.250000000000
38.416000000000,426.100000000000,152.950000000000
38.173000000000,428.000000000000,154.850000000000
37.895000000000,429.900000000000,156.750000000000
37.678000000000,431.600000000000,158.450000000000
37.424000000000,433.400000000000,160.250000000000
37.217000000000,435.300000000000,162.150000000000
37.003000000000,437.200000000000,164.050000000000
36.773000000000,439.000000000000,165.850000000000
36.538000000000,440.900000000000,167.750000000000
36.327000000000,442.600000000000,169.450000000000
36.101000000000,444.300000000000,171.150000000000
35.898000000000,446.000000000000,172.850000000000
35.680000000000,447.500000000000,174.350000000000
35.466000000000,449.300000000000,176.150000000000
35.247000000000,451.000000000000,177.850000000000
35.032000000000,452.500000000000,179.350000000000
34.847000000000,454.300000000000,181.150000000000
34.664000000000,455.900000000000,182.750000000000
34.451000000000,457.600000000000,184.450000000000
34.258000000000,459.200000000000,186.050000000000
34.068000000000,460.700000000000,187.550000000000
33.865000000000,462.000000000000,188.850000000000
33.666000000000,463.800000000000,190.650000000000
33.471000000000,465.200000000000,192.050000000000
33.234000000000,466.600000000000,193.450000000000
33.060000000000,468.200000000000,195.050000000000
32.873000000000,469.700000000000,196.550000000000
32.662000000000,471.500000000000,198.350000000000
32.495000000000,472.800000000000,199.650000000000
32.277000000000,474.400000000000,201.250000000000
32.129000000000,475.900000000000,202.750000000000
31.943000000000,477.300000000000,204.150000000000
31.772000000000,479.100000000000,205.950000000000
31.527000000000,480.400000000000,207.250000000000
31.388000000000,481.800000000000,208.650000000000
31.200000000000,483.300000000000,210.150000000000
31.040000000000,484.700000000000,211.550000000000
30.869000000000,486.100000000000,212.950000000000
30.701000000000,487.400000000000,214.250000000000
30.523000000000,488.800000000000,215.650000000000
30.382000000000,490.300000000000,217.150000000000
30.197000000000,491.700000000000,218.550000000000
30.014000000000,493.000000000000,219.850000000000
29.857000000000,494.400000000000,221.250000000000
29.679000000000,495.800000000000,222.650000000000
29.493000000000,497.100000000000,223.950000000000
29.330000000000,498.500000000000,225.350000000000
29.160000000000,499.800000000000,226.650000000000
29.012000000000,500.800000000000,227.650000000000
28.835000000000,502.400000000000,229.250000000000
28.661000000000,503.700000000000,230.550000000000
28.539000000000,505.100000000000,231.950000000000
28.378000000000,506.500000000000,233.350000000000
28.219000000000,507.600000000000,234.450000000000
28.052000000000,509.000000000000,235.850000000000
27.859000000000,510.400000000000,237.250000000000
27.725000000000,511.700000000000,238.550000000000
27.574000000000,512.700000000000,239.550000000000
27.452000000000,514.100000000000,240.950000000000
27.030000000000,517.400000000000,244.250000000000
26.886000000000,518.600000000000,245.450000000000
26.586000000000,521.100000000000,247.950000000000
26.343000000000,523.900000000000,250.750000000000
26.011000000000,526.400000000000,253.250000000000
25.754000000000,528.800000000000,255.650000000000
25.452000000000,531.100000000000,257.950000000000
25.188000000000,533.700000000000,260.550000000000
24.906000000000,536.100000000000,262.950000000000
24.599000000000,538.400000000000,265.250000000000
24.328000000000,540.800000000000,267.650000000000
24.056000000000,543.000000000000,269.850000000000
23.802000000000,545.400000000000,272.250000000000
23.518000000000,547.600000000000,274.450000000000
23.246000000000,549.900000000000,276.750000000000
22.999000000000,552.300000000000,279.150000000000
22.704000000000,554.400000000000,281.250000000000
22.466000000000,556.500000000000,283.350000000000
22.245000000000,558.600000000000,285.450000000000
21.996000000000,560.800000000000,287.650000000000
21.751000000000,562.800000000000,289.650000000000
21.509000000000,565.000000000000,291.850000000000
21.272000000000,567.000000000000,293.850000000000
20.973000000000,569.000000000000,295.850000000000
20.732000000000,571.000000000000,297.850000000000
20.495000000000,572.900000000000,299.750000000000
20.240000000000,574.900000000000,301.750000000000
20.016000000000,576.900000000000,303.750000000000
19.790000000000,578.900000000000,305.750000000000
19.562000000000,580.900000000000,307.750000000000
19.338000000000,582.700000000000,309.550000000000
19.095000000000,584.700000000000,311.550000000000
18.877000000000,586.600000000000,313.450000000000
18.667000000000,588.300000000000,315.150000000000
18.445000000000,590.100000000000,316.950000000000
18.182000000000,591.900000000000,318.750000000000
17.977000000000,593.700000000000,320.550000000000
17.769000000000,595.500000000000,322.350000000000
17.536000000000,597.300000000000,324.150000000000
17.330000000000,599.100000000000,325.950000000000
17.121000000000,601.200000000000,328.050000000000
16.906000000000,602.800000000000,329.650000000000
16.708000000000,604.800000000000,331.650000000000
16.503000000000,606.300000000000,333.150000000000
16.357000000000,608.000000000000,334.850000000000
16.135000000000,609.500000000000,336.350000000000
15.920000000000,611.300000000000,338.150000000000
15.733000000000,612.800000000000,339.650000000000
15.515000000000,614.600000000000,341.450000000000
15.333000000000,616.200000000000,343.050000000000
15.124000000000,617.700000000000,344.550000000000
14.926000000000,619.300000000000,346.150000000000
14.718000000000,621.100000000000,347.950000000000
14.514000000000,622.400000000000,349.250000000000
14.350000000000,624.200000000000,351.050000000000
14.127000000000,625.700000000000,352.550000000000
13.899000000000,627.500000000000,354.350000000000
13.696000000000,629.200000000000,356.050000000000
13.511000000000,630.700000000000,357.550000000000
13.306000000000,632.200000000000,359.050000000000
13.122000000000,633.900000000000,360.750000000000
12.918000000000,635.500000000000,362.350000000000
12.801000000000,636.800000000000,363.650000000000
12.594000000000,638.600000000000,365.450000000000
12.406000000000,640.200000000000,367.050000000000
12.028000000000,643.200000000000,370.050000000000
11.667000000000,646.100000000000,372.950000000000
11.295000000000,649.200000000000,376.050000000000
10.975000000000,651.700000000000,378.550000000000
10.629000000000,654.500000000000,381.350000000000
10.291000000000,657.200000000000,384.050000000000
9.974000000000,659.700000000000,386.550000000000
9.633000000000,662.400000000000,389.250000000000
9.298000000000,665.100000000000,391.950000000000
8.970000000000,667.600000000000,394.450000000000
8.662000000000,670.100000000000,396.950000000000
8.359000000000,672.400000000000,399.250000000000
8.070000000000,674.700000000000,401.550000000000
7.769000000000,677.000000000000,403.850000000000
7.455000000000,679.500000000000,406.350000000000
7.146000000000,681.900000000000,408.750000000000
6.842000000000,684.200000000000,411.050000000000
6.544000000000,686.600000000000,413.450000000000
6.250000000000,688.800000000000,415.650000000000
5.961000000000,691.100000000000,417.950000000000
5.654000000000,693.500000000000,420.350000000000
5.362000000000,695.800000000000,422.650000000000
5.076000000000,698.000000000000,424.850000000000
4.782000000000,700.200000000000,427.050000000000
4.482000000000,702.600000000000,429.450000000000
4.219000000000,704.600000000000,431.450000000000
3.928000000000,706.800000000000,433.650000000000
3.631000000000,709.100000000000,435.950000000000
3.338000000000,711.300000000000,438.150000000000
3.050000000000,713.500000000000,440.350000000000
2.776000000000,715.600000000000,442.450000000000
2.477000000000,717.900000000000,444.750000000000
2.201000000000,719.900000000000,446.750000000000
1.910000000000,722.200000000000,449.050000000000
1.642000000000,724.200000000000,451.050000000000
1.360000000000,726.400000000000,453.250000000000
1.100000000000,728.400000000000,455.250000000000
0.980000000000,729.300000000000,456.150000000000
65.135000000000,238.300000000000,-34.850000000000
64.049000000000,241.000000000000,-32.150000000000
63.068000000000,245.700000000000,-27.450000000000
62.096000000000,250.100000000000,-23.050000000000
61.201000000000,257.200000000000,-15.950000000000
60.348000000000,260.000000000000,-13.150000000000
59.560000000000,264.400000000000,-8.750000000000
58.818000000000,268.700000000000,-4.450000000000
58.166000000000,273.700000000000,0.550000000000
57.462000000000,278.500000000000,5.350000000000
56.826000000000,283.000000000000,9.850000000000
56.214000000000,289.200000000000,16.050000000000
55.633000000000,295.800000000000,22.650000000000
55.049000000000,301.300000000000,28.150000000000
54.469000000000,306.800000000000,33.650000000000
53.940000000000,312.200000000000,39.050000000000
53.413000000000,317.600000000000,44.450000000000
53.183000000000,320.100000000000,46.950000000000
52.702000000000,325.200000000000,52.050000000000
52.209000000000,330.000000000000,56.850000000000
51.741000000000,334.300000000000,61.150000000000
51.263000000000,338.200000000000,65.050000000000
50.802000000000,341.800000000000,68.650000000000
50.363000000000,345.500000000000,72.350000000000
49.930000000000,349.300000000000,76.150000000000
49.503000000000,353.300000000000,80.150000000000
49.098000000000,356.900000000000,83.750000000000
48.685000000000,360.800000000000,87.650000000000
48.285000000000,364.700000000000,91.550000000000
47.902000000000,367.700000000000,94.550000000000
47.532000000000,371.000000000000,97.850000000000
47.162000000000,372.700000000000,99.550000000000
46.802000000000,374.300000000000,101.150000000000
46.447000000000,376.200000000000,103.050000000000
46.090000000000,378.500000000000,105.350000000000
45.799000000000,380.600000000000,107.450000000000
45.471000000000,383.100000000000,109.950000000000
45.100000000000,385.600000000000,112.450000000000
44.792000000000,387.300000000000,114.150000000000
44.482000000000,389.300000000000,116.150000000000
44.162000000000,391.200000000000,118.050000000000
43.859000000000,393.300000000000,120.150000000000
43.543000000000,395.300000000000,122.150000000000
43.252000000000,397.100000000000,123.950000000000
42.968000000000,398.800000000000,125.650000000000
42.659000000000,400.700000000000,127.550000000000
42.381000000000,402.800000000000,129.650000000000
42.089000000000,404.200000000000,131.050000000000
41.808000000000,406.000000000000,132.850000000000
41.523000000000,408.000000000000,134.850000000000
41.262000000000,409.500000000000,136.350000000000
41.000000000000,410.900000000000,137.750000000000
40.747000000000,412.600000000000,139.450000000000
40.460000000000,414.100000000000,140.950000000000
40.198000000000,415.800000000000,142.650000000000
39.928000000000,417.100000000000,143.950000000000
39.685000000000,418.700000000000,145.550000000000
39.432000000000,420.000000000000,146.850000000000
39.188000000000,421.500000000000,148.350000000000
38.917000000000,422.700000000000,149.550000000000
38.684000000000,424.900000000000,151.750000000000
38.454000000000,427.000000000000,153.850000000000
38.231000000000,428.900000000000,155.750000000000
37.997000000000,430.900000000000,157.750000000000
37.767000000000,432.500000000000,159.350000000000
37.532000000000,434.400000000000,161.250000000000
37.294000000000,436.300000000000,163.150000000000
37.056000000000,438.300000000000,165.150000000000
36.854000000000,440.200000000000,167.050000000000
36.635000000000,442.000000000000,168.850000000000
36.416000000000,443.900000000000,170.750000000000
36.197000000000,445.700000000000,172.550000000000
36.105000000000,447.000000000000,173.850000000000
35.888000000000,448.900000000000,175.750000000000
35.653000000000,450.500000000000,177.350000000000
35.460000000000,452.100000000000,178.950000000000
35.253000000000,453.800000000000,180.650000000000
35.043000000000,455.800000000000,182.650000000000
34.849000000000,457.600000000000,184.450000000000
34.639000000000,459.300000000000,186.150000000000
34.439000000000,461.000000000000,187.850000000000
34.232000000000,462.700000000000,189.550000000000
34.020000000000,464.300000000000,191.150000000000
33.813000000000,466.000000000000,192.850000000000
33.760000000000,467.700000000000,194.550000000000
33.402000000000,469.200000000000,196.050000000000
33.248000000000,470.900000000000,197.750000000000
33.054000000000,472.500000000000,199.350000000000
32.869000000000,474.300000000000,201.150000000000
32.673000000000,475.800000000000,202.650000000000
32.481000000000,477.400000000000,204.250000000000
32.304000000000,478.900000000000,205.750000000000
32.130000000000,480.400000000000,207.250000000000
31.919000000000,482.200000000000,209.050000000000
31.751000000000,483.700000000000,210.550000000000
31.571000000000,485.000000000000,211.850000000000
31.407000000000,486.800000000000,213.650000000000
31.220000000000,488.300000000000,215.150000000000
31.060000000000,489.500000000000,216.350000000000
30.878000000000,491.400000000000,218.250000000000
30.698000000000,492.800000000000,219.650000000000
30.533000000000,494.300000000000,221.150000000000
30.358000000000,495.600000000000,222.450000000000
30.197000000000,497.000000000000,223.850000000000
30.060000000000,498.500000000000,225.350000000000
29.880000000000,499.900000000000,226.750000000000
29.714000000000,501.200000000000,228.050000000000
29.560000000000,502.800000000000,229.650000000000
29.376000000000,504.300000000000,231.150000000000
29.226000000000,505.600000000000,232.450000000000
29.057000000000,507.100000000000,233.950000000000
28.900000000000,508.500000000000,235.350000000000
28.735000000000,509.900000000000,236.750000000000
28.572000000000,511.200000000000,238.050000000000
28.431000000000,512.400000000000,239.250000000000
28.272000000000,513.100000000000,239.950000000000
28.114000000000,515.100000000000,241.950000000000
27.958000000000,516.400000000000,243.250000000000
27.718000000000,519.000000000000,245.850000000000
27.370000000000,521.900000000000,248.750000000000
27.058000000000,524.400000000000,251.250000000000
26.762000000000,527.000000000000,253.850000000000
26.437000000000,529.500000000000,256.350000000000
26.146000000000,531.800000000000,258.650000000000
25.843000000000,534.400000000000,261.250000000000
25.555000000000,536.900000000000,263.750000000000
25.281000000000,538.800000000000,265.650000000000
24.997000000000,541.600000000000,268.450000000000
24.702000000000,544.000000000000,270.850000000000
24.436000000000,546.300000000000,273.150000000000
24.168000000000,548.700000000000,275.550000000000
23.904000000000,551.000000000000,277.850000000000
23.638000000000,553.400000000000,280.250000000000
23.356000000000,555.600000000000,282.450000000000
23.092000000000,557.700000000000,284.550000000000
22.834000000000,559.900000000000,286.750000000000
22.567000000000,562.100000000000,288.950000000000
22.304000000000,564.200000000000,291.050000000000
22.040000000000,566.600000000000,293.450000000000
21.755000000000,568.600000000000,295.450000000000
21.494000000000,570.700000000000,297.550000000000
21.256000000000,572.700000000000,299.550000000000
21.003000000000,574.500000000000,301.350000000000
20.749000000000,576.800000000000,303.650000000000
20.500000000000,578.600000000000,305.450000000000
20.259000000000,580.600000000000,307.450000000000
20.018000000000,582.600000000000,309.450000000000
19.796000000000,584.600000000000,311.450000000000
19.550000000000,586.300000000000,313.150000000000
19.319000000000,588.300000000000,315.150000000000
19.097000000000,590.200000000000,317.050000000000
18.862000000000,592.100000000000,318.950000000000
18.657000000000,593.900000000000,320.750000000000
18.433000000000,595.500000000000,322.350000000000
18.228000000000,597.500000000000,324.350000000000
18.016000000000,599.100000000000,325.950000000000
17.797000000000,601.100000000000,327.950000000000
17.590000000000,602.700000000000,329.550000000000
17.391000000000,604.200000000000,331.050000000000
17.185000000000,606.300000000000,333.150000000000
16.963000000000,607.700000000000,334.550000000000
16.780000000000,609.500000000000,336.350000000000
16.564000000000,611.100000000000,337.950000000000
16.381000000000,613.100000000000,339.950000000000
16.179000000000,614.700000000000,341.550000000000
15.992000000000,616.500000000000,343.350000000000
15.773000000000,617.900000000000,344.750000000000
15.574000000000,619.500000000000,346.350000000000
15.377000000000,621.100000000000,347.950000000000
15.170000000000,622.300000000000,349.150000000000
14.962000000000,624.300000000000,351.150000000000
14.760000000000,625.500000000000,352.350000000000
14.553000000000,627.300000000000,354.150000000000
14.364000000000,628.800000000000,355.650000000000
14.151000000000,630.200000000000,357.050000000000
13.944000000000,631.900000000000,358.750000000000
13.747000000000,633.300000000000,360.150000000000
13.360000000000,636.700000000000,363.550000000000
12.989000000000,639.700000000000,366.550000000000
12.573000000000,642.400000000000,369.250000000000
12.195000000000,645.700000000000,372.550000000000
11.792000000000,648.300000000000,375.150000000000
11.444000000000,651.300000000000,378.150000000000
11.084000000000,653.600000000000,380.450000000000
10.744000000000,655.800000000000,382.650000000000
10.392000000000,658.300000000000,385.150000000000
10.051000000000,660.200000000000,387.050000000000
9.678000000000,663.800000000000,390.650000000000
9.344000000000,665.800000000000,392.650000000000
8.983000000000,669.000000000000,395.850000000000
8.626000000000,671.500000000000,398.350000000000
8.274000000000,673.500000000000,400.350000000000
7.958000000000,676.800000000000,403.650000000000
7.637000000000,678.000000000000,404.850000000000
7.299000000000,680.400000000000,407.250000000000
6.965000000000,683.200000000000,410.050000000000
6.632000000000,685.400000000000,412.250000000000
6.315000000000,688.000000000000,414.850000000000
6.000000000000,689.800000000000,416.650000000000
5.682000000000,692.300000000000,419.150000000000
5.370000000000,694.700000000000,421.550000000000
5.070000000000,696.400000000000,423.250000000000
4.756000000000,698.900000000000,425.750000000000
4.468000000000,701.000000000000,427.850000000000
4.173000000000,703.600000000000,430.450000000000
3.866000000000,705.400000000000,432.250000000000
3.581000000000,707.200000000000,434.050000000000
3.286000000000,710.000000000000,436.850000000000
2.997000000000,711.600000000000,438.450000000000
2.720000000000,713.800000000000,440.650000000000
2.442000000000,716.000000000000,442.850000000000
2.171000000000,718.200000000000,445.050000000000
1.897000000000,719.700000000000,446.550000000000
1.636000000000,721.600000000000,448.450000000000
1.358000000000,724.000000000000,450.850000000000
1.095000000000,725.600000000000,452.450000000000
0.825000000000,727.700000000000,454.550000000000
0.559000000000,730.000000000000,456.850000000000
0.306000000000,732.000000000000,458.850000000000
0.040000000000,733.500000000000,460.350000000000
0.000000000000,735.500000000000,462.350000000000
0.000000000000,737.700000000000,464.550000000000
0.000000000000,738.500000000000,465.350000000000
66.852000000000,233.200000000000,-39.950000000000
66.003000000000,236.000000000000,-37.150000000000
64.748000000000,240.200000000000,-32.950000000000
63.603000000000,244.100000000000,-29.050000000000
62.597000000000,247.600000000000,-25.550000000000
61.620000000000,250.600000000000,-22.550000000000
60.736000000000,253.900000000000,-19.250000000000
59.958000000000,257.800000000000,-15.350000000000
59.188000000000,262.500000000000,-10.650000000000
58.517000000000,267.500000000000,-5.650000000000
57.766000000000,273.100000000000,-0.050000000000
57.192000000000,278.900000000000,5.750000000000
56.576000000000,285.300000000000,12.150000000000
55.919000000000,292.200000000000,19.050000000000
55.355000000000,299.400000000000,26.250000000000
54.763000000000,305.100000000000,31.950000000000
54.493000000000,308.300000000000,35.150000000000
53.955000000000,314.300000000000,41.150000000000
53.447000000000,319.100000000000,45.950000000000
52.937000000000,324.500000000000,51.350000000000
52.454000000000,329.300000000000,56.150000000000
51.985000000000,334.500000000000,61.350000000000
51.513000000000,338.200000000000,65.050000000000
51.081000000000,342.400000000000,69.250000000000
50.621000000000,346.700000000000,73.550000000000
50.137000000000,350.900000000000,77.750000000000
49.699000000000,353.900000000000,80.750000000000
49.308000000000,357.700000000000,84.550000000000
48.892000000000,361.300000000000,88.150000000000
48.463000000000,363.900000000000,90.750000000000
48.089000000000,366.300000000000,93.150000000000
47.707000000000,368.400000000000,95.250000000000
47.334000000000,370.500000000000,97.350000000000
47.008000000000,372.300000000000,99.150000000000
46.637000000000,374.000000000000,100.850000000000
46.285000000000,376.700000000000,103.550000000000
45.875000000000,378.600000000000,105.450000000000
45.541000000000,381.000000000000,107.850000000000
45.200000000000,383.800000000000,110.650000000000
44.853000000000,385.600000000000,112.450000000000
44.556000000000,387.700000000000,114.550000000000
44.247000000000,389.500000000000,116.350000000000
43.925000000000,391.200000000000,118.050000000000
43.602000000000,393.200000000000,120.050000000000
43.322000000000,394.700000000000,121.550000000000
43.028000000000,396.400000000000,123.250000000000
42.723000000000,398.300000000000,125.150000000000
42.440000000000,400.000000000000,126.850000000000
42.164000000000,401.700000000000,128.550000000000
41.868000000000,403.800000000000,130.650000000000
41.589000000000,405.700000000000,132.550000000000
41.347000000000,407.900000000000,134.750000000000
41.052000000000,409.700000000000,136.550000000000
40.794000000000,411.600000000000,138.450000000000
40.542000000000,413.400000000000,140.250000000000
40.269000000000,415.400000000000,142.250000000000
40.028000000000,417.000000000000,143.850000000000
39.768000000000,419.100000000000,145.950000000000
39.538000000000,421.100000000000,147.950000000000
39.289000000000,422.400000000000,149.250000000000
39.046000000000,424.300000000000,151.150000000000
38.855000000000,425.900000000000,152.750000000000
38.597000000000,427.800000000000,154.650000000000
38.346000000000,429.700000000000,156.550000000000
38.122000000000,431.600000000000,158.450000000000
37.902000000000,432.900000000000,159.750000000000
37.666000000000,435.000000000000,161.850000000000
37.434000000000,436.600000000000,163.450000000000
37.227000000000,438.400000000000,165.250000000000
37.004000000000,439.900000000000,166.750000000000
36.766000000000,441.800000000000,168.650000000000
36.552000000000,443.300000000000,170.150000000000
36.323000000000,445.200000000000,172.050000000000
36.116000000000,447.200000000000,174.050000000000
35.914000000000,448.700000000000,175.550000000000
35.679000000000,450.400000000000,177.250000000000
35.466000000000,452.000000000000,178.850000000000
35.257000000000,453.600000000000,180.450000000000
35.051000000000,455.300000000000,182.150000000000
34.849000000000,456.900000000000,183.750000000000
34.634000000000,458.600000000000,185.450000000000
34.456000000000,460.000000000000,186.850000000000
34.247000000000,461.700000000000,188.550000000000
34.059000000000,463.200000000000,190.050000000000
33.873000000000,464.800000000000,191.650000000000
33.720000000000,466.600000000000,193.450000000000
33.508000000000,468.500000000000,195.350000000000
33.316000000000,470.000000000000,196.850000000000
33.126000000000,471.200000000000,198.050000000000
32.925000000000,473.300000000000,200.150000000000
32.741000000000,474.500000000000,201.350000000000
32.545000000000,476.200000000000,203.050000000000
32.353000000000,477.500000000000,204.350000000000
32.178000000000,479.100000000000,205.950000000000
31.991000000000,480.700000000000,207.550000000000
31.820000000000,482.200000000000,209.050000000000
31.664000000000,483.900000000000,210.750000000000
31.485000000000,485.600000000000,212.450000000000
31.308000000000,486.800000000000,213.650000000000
31.134000000000,487.900000000000,214.750000000000
30.962000000000,489.500000000000,216.350000000000
30.804000000000,490.900000000000,217.750000000000
30.613000000000,492.400000000000,219.250000000000
30.459000000000,493.800000000000,220.650000000000
30.284000000000,495.100000000000,221.950000000000
30.123000000000,496.500000000000,223.350000000000
29.952000000000,498.000000000000,224.850000000000
29.795000000000,499.200000000000,226.050000000000
29.640000000000,500.800000000000,227.650000000000
29.476000000000,502.200000000000,229.050000000000
29.313000000000,503.500000000000,230.350000000000
29.142000000000,504.900000000000,231.750000000000
28.984000000000,506.500000000000,233.350000000000
28.817000000000,508.000000000000,234.850000000000
28.641000000000,509.400000000000,236.250000000000
28.479000000000,510.700000000000,237.550000000000
28.189000000000,512.900000000000,239.750000000000
27.876000000000,515.700000000000,242.550000000000
27.579000000000,518.400000000000,245.250000000000
27.270000000000,520.700000000000,247.550000000000
26.969000000000,523.400000000000,250.250000000000
26.673000000000,526.000000000000,252.850000000000
26.375000000000,528.500000000000,255.350000000000
26.092000000000,531.300000000000,258.150000000000
25.814000000000,533.700000000000,260.550000000000
25.525000000000,535.800000000000,262.650000000000
25.242000000000,538.200000000000,265.050000000000
24.973000000000,540.500000000000,267.350000000000
24.709000000000,543.100000000000,269.950000000000
24.441000000000,545.200000000000,272.050000000000
24.171000000000,547.600000000000,274.450000000000
23.834000000000,549.700000000000,276.550000000000
23.604000000000,552.100000000000,278.950000000000
23.363000000000,554.200000000000,281.050000000000
23.113000000000,556.600000000000,283.450000000000
22.866000000000,558.700000000000,285.550000000000
22.604000000000,560.700000000000,287.550000000000
22.392000000000,562.900000000000,289.750000000000
22.144000000000,565.000000000000,291.850000000000
21.919000000000,567.200000000000,294.050000000000
21.673000000000,569.000000000000,295.850000000000
21.418000000000,571.200000000000,298.050000000000
21.173000000000,572.900000000000,299.750000000000
20.957000000000,575.100000000000,301.950000000000
20.720000000000,576.900000000000,303.750000000000
20.463000000000,578.700000000000,305.550000000000
20.228000000000,580.600000000000,307.450000000000
19.991000000000,582.600000000000,309.450000000000
19.774000000000,584.400000000000,311.250000000000
19.560000000000,586.400000000000,313.250000000000
19.349000000000,588.500000000000,315.350000000000
19.108000000000,590.300000000000,317.150000000000
18.888000000000,592.300000000000,319.150000000000
18.649000000000,593.900000000000,320.750000000000
18.435000000000,595.700000000000,322.550000000000
18.229000000000,597.500000000000,324.350000000000
17.985000000000,599.100000000000,325.950000000000
17.785000000000,600.900000000000,327.750000000000
17.525000000000,602.500000000000,329.350000000000
17.306000000000,604.300000000000,331.150000000000
17.063000000000,606.100000000000,332.950000000000
16.833000000000,607.800000000000,334.650000000000
16.606000000000,609.500000000000,336.350000000000
16.405000000000,611.000000000000,337.850000000000
16.162000000000,612.600000000000,339.450000000000
15.944000000000,614.200000000000,341.050000000000
15.709000000000,615.800000000000,342.650000000000
15.477000000000,617.300000000000,344.150000000000
15.227000000000,619.100000000000,345.950000000000
15.022000000000,620.500000000000,347.350000000000
14.820000000000,621.900000000000,348.750000000000
14.620000000000,623.500000000000,350.350000000000
14.384000000000,625.100000000000,351.950000000000
14.189000000000,626.700000000000,353.550000000000
13.959000000000,628.100000000000,354.950000000000
13.751000000000,629.500000000000,356.350000000000
13.527000000000,631.100000000000,357.950000000000
13.324000000000,632.500000000000,359.350000000000
13.124000000000,634.100000000000,360.950000000000
12.926000000000,635.100000000000,361.950000000000
12.713000000000,637.000000000000,363.850000000000
12.503000000000,638.200000000000,365.050000000000
12.313000000000,639.900000000000,366.750000000000
11.922000000000,642.400000000000,369.250000000000
11.507000000000,645.900000000000,372.750000000000
11.118000000000,648.200000000000,375.050000000000
10.754000000000,651.700000000000,378.550000000000
10.382000000000,653.800000000000,380.650000000000
10.033000000000,656.000000000000,382.850000000000
9.677000000000,659.300000000000,386.150000000000
9.356000000000,661.000000000000,387.850000000000
9.028000000000,663.600000000000,390.450000000000
8.733000000000,665.700000000000,392.550000000000
8.457000000000,667.600000000000,394.450000000000
8.199000000000,669.600000000000,396.450000000000
7.918000000000,671.600000000000,398.450000000000
7.590000000000,674.000000000000,400.850000000000
7.344000000000,675.800000000000,402.650000000000
7.026000000000,678.000000000000,404.850000000000
6.639000000000,681.000000000000,407.850000000000
6.358000000000,683.500000000000,410.350000000000
6.009000000000,686.000000000000,412.850000000000
5.683000000000,688.300000000000,415.150000000000
5.388000000000,690.300000000000,417.150000000000
5.065000000000,692.700000000000,419.550000000000
4.777000000000,695.600000000000,422.450000000000
4.479000000000,697.600000000000,424.450000000000
4.186000000000,699.300000000000,426.150000000000
3.887000000000,702.000000000000,428.850000000000
3.582000000000,704.700000000000,431.550000000000
3.312000000000,707.000000000000,433.850000000000
3.041000000000,708.700000000000,435.550000000000
2.805000000000,710.700000000000,437.550000000000
2.517000000000,712.800000000000,439.650000000000
2.229000000000,715.000000000000,441.850000000000
1.953000000000,717.400000000000,444.250000000000
1.673000000000,719.700000000000,446.550000000000
1.405000000000,722.000000000000,448.850000000000
1.133000000000,724.000000000000,450.850000000000
0.890000000000,725.500000000000,452.350000000000
0.611000000000,728.000000000000,454.850000000000
0.362000000000,730.000000000000,456.850000000000
0.101000000000,731.700000000000,458.550000000000
0.000000000000,732.500000000000,459.350000000000
0.000000000000,733.000000000000,459.850000000000
64.827000000000,246.300000000000,-26.850000000000
64.336000000000,246.900000000000,-26.250000000000
64.188000000000,246.600000000000,-26.550000000000
64.034000000000,246.900000000000,-26.250000000000
63.883000000000,247.200000000000,-25.950000000000
63.732000000000,247.000000000000,-26.150000000000
63.581000000000,247.600000000000,-25.550000000000
63.433000000000,247.700000000000,-25.450000000000
63.289000000000,248.200000000000,-24.950000000000
63.144000000000,248.900000000000,-24.250000000000
63.002000000000,249.300000000000,-23.850000000000
62.864000000000,249.600000000000,-23.550000000000
62.729000000000,250.300000000000,-22.850000000000
62.588000000000,251.200000000000,-21.950000000000
62.451000000000,252.200000000000,-20.950000000000
62.321000000000,252.900000000000,-20.250000000000
62.189000000000,253.500000000000,-19.650000000000
62.122000000000,254.300000000000,-18.850000000000
61.995000000000,254.800000000000,-18.350000000000
61.862000000000,255.600000000000,-17.550000000000
61.729000000000,255.900000000000,-17.250000000000
61.603000000000,256.300000000000,-16.850000000000
61.479000000000,256.600000000000,-16.550000000000
61.354000000000,257.100000000000,-16.050000000000
61.228000000000,258.000000000000,-15.150000000000
61.102000000000,258.900000000000,-14.250000000000
60.984000000000,259.800000000000,-13.350000000000
60.868000000000,260.700000000000,-12.450000000000
60.754000000000,261.600000000000,-11.550000000000
60.639000000000,262.500000000000,-10.650000000000
60.525000000000,263.600000000000,-9.550000000000
60.411000000000,264.700000000000,-8.450000000000
60.301000000000,265.600000000000,-7.550000000000
60.187000000000,266.800000000000,-6.350000000000
60.075000000000,267.500000000000,-5.650000000000
59.965000000000,268.400000000000,-4.750000000000
59.849000000000,269.100000000000,-4.050000000000
59.729000000000,269.900000000000,-3.250000000000
59.614000000000,270.300000000000,-2.850000000000
59.506000000000,270.800000000000,-2.350000000000
59.403000000000,271.300000000000,-1.850000000000
59.301000000000,271.500000000000,-1.650000000000
59.200000000000,271.700000000000,-1.450000000000
59.094000000000,271.800000000000,-1.350000000000
58.988000000000,272.000000000000,-1.150000000000
58.879000000000,272.300000000000,-0.850000000000
58.785000000000,272.500000000000,-0.650000000000
58.688000000000,272.700000000000,-0.450000000000
58.588000000000,273.000000000000,-0.150000000000
58.486000000000,273.200000000000,0.050000000000
58.383000000000,273.800000000000,0.650000000000
58.279000000000,274.300000000000,1.150000000000
58.184000000000,275.000000000000,1.850000000000
58.081000000000,275.600000000000,2.450000000000
57.982000000000,276.100000000000,2.950000000000
57.888000000000,276.700000000000,3.550000000000
57.795000000000,277.200000000000,4.050000000000
57.706000000000,277.600000000000,4.450000000000
57.612000000000,278.300000000000,5.150000000000
57.516000000000,278.700000000000,5.550000000000
57.423000000000,279.000000000000,5.850000000000
57.331000000000,279.600000000000,6.450000000000
57.242000000000,280.000000000000,6.850000000000
57.149000000000,280.600000000000,7.450000000000
57.055000000000,281.000000000000,7.850000000000
56.961000000000,281.500000000000,8.350000000000
56.870000000000,281.900000000000,8.750000000000
56.785000000000,282.400000000000,9.250000000000
56.701000000000,283.000000000000,9.850000000000
56.615000000000,283.300000000000,10.150000000000
56.530000000000,284.100000000000,10.950000000000
56.441000000000,284.800000000000,11.650000000000
56.355000000000,285.500000000000,12.350000000000
56.266000000000,286.200000000000,13.050000000000
56.181000000000,287.100000000000,13.950000000000
56.094000000000,287.900000000000,14.750000000000
56.007000000000,288.800000000000,15.650000000000
55.928000000000,289.700000000000,16.550000000000
55.838000000000,290.600000000000,17.450000000000
55.763000000000,291.300000000000,18.150000000000
55.680000000000,292.200000000000,19.050000000000
55.600000000000,293.100000000000,19.950000000000
55.520000000000,293.900000000000,20.750000000000
55.450000000000,294.800000000000,21.650000000000
55.365000000000,295.600000000000,22.450000000000
55.292000000000,296.400000000000,23.250000000000
55.209000000000,297.300000000000,24.150000000000
55.119000000000,298.300000000000,25.150000000000
55.033000000000,299.000000000000,25.850000000000
54.961000000000,299.800000000000,26.650000000000
54.888000000000,300.700000000000,27.550000000000
54.815000000000,301.400000000000,28.250000000000
54.744000000000,302.100000000000,28.950000000000
54.658000000000,302.800000000000,29.650000000000
54.581000000000,303.700000000000,30.550000000000
54.513000000000,304.500000000000,31.350000000000
54.436000000000,305.200000000000,32.050000000000
54.358000000000,305.900000000000,32.750000000000
54.285000000000,306.800000000000,33.650000000000
54.201000000000,307.700000000000,34.550000000000
54.125000000000,308.400000000000,35.250000000000
54.053000000000,309.000000000000,35.850000000000
53.970000000000,309.800000000000,36.650000000000
53.889000000000,310.500000000000,37.350000000000
53.811000000000,311.200000000000,38.050000000000
53.742000000000,311.900000000000,38.750000000000
53.682000000000,312.600000000000,39.450000000000
53.621000000000,313.400000000000,40.250000000000
53.559000000000,314.100000000000,40.950000000000
53.488000000000,314.800000000000,41.650000000000
53.411000000000,315.600000000000,42.450000000000
53.341000000000,316.300000000000,43.150000000000
53.272000000000,317.100000000000,43.950000000000
53.196000000000,317.800000000000,44.650000000000
53.129000000000,318.300000000000,45.150000000000
53.066000000000,319.100000000000,45.950000000000
52.999000000000,319.800000000000,46.650000000000
52.929000000000,320.600000000000,47.450000000000
52.857000000000,321.300000000000,48.150000000000
52.775000000000,322.000000000000,48.850000000000
52.701000000000,322.600000000000,49.450000000000
52.634000000000,323.300000000000,50.150000000000
52.568000000000,324.000000000000,50.850000000000
52.504000000000,324.600000000000,51.450000000000
52.443000000000,325.300000000000,52.150000000000
52.376000000000,325.900000000000,52.750000000000
52.312000000000,326.600000000000,53.450000000000
52.246000000000,327.400000000000,54.250000000000
52.172000000000,327.900000000000,54.750000000000
52.094000000000,328.600000000000,55.450000000000
52.027000000000,329.200000000000,56.050000000000
51.966000000000,329.800000000000,56.650000000000
51.905000000000,330.500000000000,57.350000000000
51.842000000000,330.900000000000,57.750000000000
51.779000000000,331.500000000000,58.350000000000
51.719000000000,332.200000000000,59.050000000000
51.655000000000,332.600000000000,59.450000000000
51.588000000000,333.100000000000,59.950000000000
51.525000000000,333.600000000000,60.450000000000
51.463000000000,334.400000000000,61.250000000000
51.392000000000,334.900000000000,61.750000000000
51.321000000000,335.500000000000,62.350000000000
51.259000000000,336.200000000000,63.050000000000
51.201000000000,336.800000000000,63.650000000000
51.132000000000,337.300000000000,64.150000000000
51.066000000000,337.900000000000,64.750000000000
51.001000000000,338.600000000000,65.450000000000
50.937000000000,339.200000000000,66.050000000000
50.873000000000,339.700000000000,66.550000000000
50.809000000000,340.300000000000,67.150000000000
50.747000000000,341.000000000000,67.850000000000
50.684000000000,341.500000000000,68.350000000000
50.622000000000,342.100000000000,68.950000000000
50.560000000000,342.800000000000,69.650000000000
50.498000000000,343.200000000000,70.050000000000
50.438000000000,343.700000000000,70.550000000000
50.377000000000,344.300000000000,71.150000000000
50.317000000000,344.700000000000,71.550000000000
50.257000000000,345.200000000000,72.050000000000
50.198000000000,345.800000000000,72.650000000000
50.139000000000,346.300000000000,73.150000000000
50.080000000000,346.900000000000,73.750000000000
50.020000000000,347.200000000000,74.050000000000
49.961000000000,347.600000000000,74.450000000000
49.905000000000,348.000000000000,74.850000000000
49.848000000000,348.200000000000,75.050000000000
49.795000000000,348.400000000000,75.250000000000
49.735000000000,348.700000000000,75.550000000000
49.668000000000,348.900000000000,75.750000000000
49.602000000000,349.800000000000,76.650000000000
49.540000000000,350.000000000000,76.850000000000
49.480000000000,350.800000000000,77.650000000000
49.428000000000,351.100000000000,77.950000000000
49.378000000000,351.900000000000,78.750000000000
49.318000000000,352.100000000000,78.950000000000
49.257000000000,352.800000000000,79.650000000000
49.195000000000,353.400000000000,80.250000000000
49.133000000000,354.100000000000,80.950000000000
49.077000000000,354.500000000000,81.350000000000
49.031000000000,355.000000000000,81.850000000000
48.974000000000,355.500000000000,82.350000000000
48.915000000000,356.000000000000,82.850000000000
48.855000000000,356.500000000000,83.350000000000
48.795000000000,357.100000000000,83.950000000000
48.741000000000,357.700000000000,84.550000000000
48.694000000000,358.200000000000,85.050000000000
48.645000000000,358.600000000000,85.450000000000
48.590000000000,359.100000000000,85.950000000000
48.533000000000,359.900000000000,86.750000000000
48.482000000000,360.500000000000,87.350000000000
48.418000000000,360.800000000000,87.650000000000
48.361000000000,361.400000000000,88.250000000000
48.316000000000,361.800000000000,88.650000000000
48.259000000000,362.500000000000,89.350000000000
48.209000000000,362.900000000000,89.750000000000
48.153000000000,363.400000000000,90.250000000000
48.099000000000,364.000000000000,90.850000000000
48.049000000000,364.500000000000,91.350000000000
47.998000000000,364.900000000000,91.750000000000
47.938000000000,365.300000000000,92.150000000000
47.881000000000,365.800000000000,92.650000000000
47.828000000000,366.200000000000,93.050000000000
47.774000000000,366.600000000000,93.450000000000
47.716000000000,367.000000000000,93.850000000000
47.656000000000,367.500000000000,94.350000000000
47.600000000000,367.900000000000,94.750000000000
47.549000000000,368.500000000000,95.350000000000
47.507000000000,368.600000000000,95.450000000000
47.460000000000,369.000000000000,95.850000000000
47.407000000000,369.400000000000,96.250000000000
47.347000000000,369.800000000000,96.650000000000
47.293000000000,370.100000000000,96.950000000000
47.238000000000,370.600000000000,97.450000000000
47.192000000000,370.900000000000,97.750000000000
47.143000000000,371.100000000000,97.950000000000
47.093000000000,371.300000000000,98.150000000000
47.047000000000,371.600000000000,98.450000000000
46.995000000000,371.800000000000,98.650000000000
46.944000000000,372.400000000000,99.250000000000
46.393000000000,376.300000000000,103.150000000000
46.341000000000,376.800000000000,103.650000000000
46.294000000000,377.200000000000,104.050000000000
46.241000000000,377.600000000000,104.450000000000
46.187000000000,377.800000000000,104.650000000000
46.135000000000,378.200000000000,105.050000000000
46.083000000000,378.700000000000,105.550000000000
46.032000000000,378.900000000000,105.750000000000
45.991000000000,379.500000000000,106.350000000000
45.943000000000,379.800000000000,106.650000000000
45.890000000000,380.000000000000,106.850000000000
45.840000000000,380.400000000000,107.250000000000
45.789000000000,380.500000000000,107.350000000000
45.739000000000,380.800000000000,107.650000000000
45.684000000000,381.000000000000,107.850000000000
45.623000000000,381.100000000000,107.950000000000
45.560000000000,381.500000000000,108.350000000000
45.497000000000,381.800000000000,108.650000000000
45.435000000000,382.300000000000,109.150000000000
45.390000000000,382.700000000000,109.550000000000
45.312000000000,382.900000000000,109.750000000000
45.219000000000,383.300000000000,110.150000000000
45.167000000000,383.500000000000,110.350000000000
45.036000000000,384.100000000000,110.950000000000
44.860000000000,385.400000000000,112.250000000000
44.666000000000,386.800000000000,113.650000000000
44.466000000000,387.700000000000,114.550000000000
44.262000000000,388.400000000000,115.250000000000
44.049000000000,389.200000000000,116.050000000000
43.836000000000,390.200000000000,117.050000000000
43.615000000000,391.300000000000,118.150000000000
43.399000000000,392.400000000000,119.250000000000
43.189000000000,393.600000000000,120.450000000000
42.990000000000,394.900000000000,121.750000000000
42.795000000000,396.100000000000,122.950000000000
42.600000000000,397.500000000000,124.350000000000
42.402000000000,399.000000000000,125.850000000000
42.199000000000,400.300000000000,127.150000000000
42.002000000000,401.400000000000,128.250000000000
41.812000000000,402.500000000000,129.350000000000
41.620000000000,403.800000000000,130.650000000000
41.433000000000,405.200000000000,132.050000000000
41.246000000000,406.400000000000,133.250000000000
41.051000000000,407.600000000000,134.450000000000
40.865000000000,408.800000000000,135.650000000000
40.677000000000,410.000000000000,136.850000000000
40.498000000000,411.200000000000,138.050000000000
40.323000000000,412.500000000000,139.350000000000
40.144000000000,413.800000000000,140.650000000000
39.971000000000,414.900000000000,141.750000000000
39.797000000000,416.200000000000,143.050000000000
39.717000000000,416.800000000000,143.650000000000
39.550000000000,418.000000000000,144.850000000000
39.383000000000,418.800000000000,145.650000000000
39.218000000000,420.100000000000,146.950000000000
39.049000000000,421.200000000000,148.050000000000
38.882000000000,422.400000000000,149.250000000000
38.720000000000,423.300000000000,150.150000000000
38.558000000000,424.600000000000,151.450000000000
38.401000000000,425.900000000000,152.750000000000
38.250000000000,427.000000000000,153.850000000000
38.084000000000,427.700000000000,154.550000000000
37.916000000000,428.500000000000,155.350000000000
37.759000000000,429.200000000000,156.050000000000
37.605000000000,430.500000000000,157.350000000000
37.448000000000,431.700000000000,158.550000000000
37.291000000000,432.700000000000,159.550000000000
37.133000000000,433.900000000000,160.750000000000
36.999000000000,435.100000000000,161.950000000000
36.865000000000,436.400000000000,163.250000000000
36.722000000000,437.600000000000,164.450000000000
36.579000000000,438.700000000000,165.550000000000
36.412000000000,439.900000000000,166.750000000000
36.256000000000,441.000000000000,167.850000000000
36.109000000000,442.100000000000,168.950000000000
35.966000000000,443.300000000000,170.150000000000
35.816000000000,444.400000000000,171.250000000000
35.675000000000,445.500000000000,172.350000000000
35.530000000000,446.500000000000,173.350000000000
35.397000000000,447.500000000000,174.350000000000
35.254000000000,448.500000000000,175.350000000000
35.116000000000,449.400000000000,176.250000000000
34.971000000000,450.500000000000,177.350000000000
34.831000000000,451.700000000000,178.550000000000
34.697000000000,452.700000000000,179.550000000000
34.563000000000,453.700000000000,180.550000000000
34.425000000000,454.800000000000,181.650000000000
34.288000000000,455.900000000000,182.750000000000
34.158000000000,457.000000000000,183.850000000000
34.027000000000,458.100000000000,184.950000000000
33.894000000000,459.300000000000,186.150000000000
33.757000000000,460.300000000000,187.150000000000
33.603000000000,461.400000000000,188.250000000000
33.459000000000,462.500000000000,189.350000000000
33.385000000000,463.100000000000,189.950000000000
33.240000000000,464.200000000000,191.050000000000
33.113000000000,465.200000000000,192.050000000000
32.994000000000,466.300000000000,193.150000000000
32.878000000000,467.500000000000,194.350000000000
32.742000000000,468.400000000000,195.250000000000
32.617000000000,469.400000000000,196.250000000000
32.491000000000,470.500000000000,197.350000000000
32.348000000000,471.500000000000,198.350000000000
32.218000000000,472.700000000000,199.550000000000
32.096000000000,473.800000000000,200.650000000000
31.979000000000,474.700000000000,201.550000000000
31.864000000000,475.700000000000,202.550000000000
31.750000000000,476.700000000000,203.550000000000
31.619000000000,477.600000000000,204.450000000000
31.499000000000,478.800000000000,205.650000000000
31.386000000000,479.700000000000,206.550000000000
31.268000000000,480.900000000000,207.750000000000
31.145000000000,481.800000000000,208.650000000000
31.021000000000,482.800000000000,209.650000000000
30.894000000000,483.800000000000,210.650000000000
30.779000000000,484.700000000000,211.550000000000
30.677000000000,485.700000000000,212.550000000000
30.562000000000,486.800000000000,213.650000000000
30.451000000000,487.800000000000,214.650000000000
30.335000000000,488.800000000000,215.650000000000
30.224000000000,489.700000000000,216.550000000000
30.115000000000,490.700000000000,217.550000000000
30.010000000000,491.600000000000,218.450000000000
29.900000000000,492.800000000000,219.650000000000
29.787000000000,493.600000000000,220.450000000000
29.677000000000,494.500000000000,221.350000000000
29.571000000000,495.500000000000,222.350000000000
29.456000000000,496.500000000000,223.350000000000
29.352000000000,497.400000000000,224.250000000000
29.248000000000,498.200000000000,225.050000000000
29.139000000000,499.200000000000,226.050000000000
29.032000000000,500.100000000000,226.950000000000
28.923000000000,501.100000000000,227.950000000000
28.808000000000,501.500000000000,228.350000000000
28.695000000000,502.800000000000,229.650000000000
28.582000000000,503.800000000000,230.650000000000
28.479000000000,504.600000000000,231.450000000000
28.371000000000,505.500000000000,232.350000000000
28.264000000000,506.300000000000,233.150000000000
28.176000000000,507.500000000000,234.350000000000
28.085000000000,508.200000000000,235.050000000000
27.976000000000,509.000000000000,235.850000000000
27.871000000000,510.000000000000,236.850000000000
27.756000000000,510.800000000000,237.650000000000
27.644000000000,511.700000000000,238.550000000000
27.547000000000,512.700000000000,239.550000000000
27.446000000000,513.500000000000,240.350000000000
27.329000000000,514.500000000000,241.350000000000
27.220000000000,515.200000000000,242.050000000000
27.110000000000,516.000000000000,242.850000000000
27.010000000000,517.000000000000,243.850000000000
26.918000000000,517.800000000000,244.650000000000
26.807000000000,518.700000000000,245.550000000000
26.695000000000,519.600000000000,246.450000000000
26.579000000000,520.500000000000,247.350000000000
26.464000000000,521.300000000000,248.150000000000
26.408000000000,521.600000000000,248.450000000000
26.297000000000,522.500000000000,249.350000000000
26.201000000000,523.300000000000,250.150000000000
26.104000000000,524.200000000000,251.050000000000
25.994000000000,525.000000000000,251.850000000000
25.896000000000,525.800000000000,252.650000000000
25.789000000000,526.600000000000,253.450000000000
25.698000000000,527.500000000000,254.350000000000
25.609000000000,528.300000000000,255.150000000000
25.505000000000,529.100000000000,255.950000000000
25.406000000000,529.900000000000,256.750000000000
25.312000000000,530.800000000000,257.650000000000
25.222000000000,531.600000000000,258.450000000000
25.138000000000,532.400000000000,259.250000000000
25.058000000000,533.300000000000,260.150000000000
24.960000000000,534.000000000000,260.850000000000
24.881000000000,534.700000000000,261.550000000000
24.803000000000,535.600000000000,262.450000000000
24.711000000000,536.500000000000,263.350000000000
24.608000000000,537.200000000000,264.050000000000
24.501000000000,537.900000000000,264.750000000000
24.392000000000,538.700000000000,265.550000000000
24.309000000000,539.600000000000,266.450000000000
24.218000000000,540.200000000000,267.050000000000
24.127000000000,541.000000000000,267.850000000000
24.045000000000,541.800000000000,268.650000000000
23.957000000000,542.500000000000,269.350000000000
23.868000000000,543.400000000000,270.250000000000
23.782000000000,544.200000000000,271.050000000000
23.688000000000,544.900000000000,271.750000000000
23.595000000000,545.700000000000,272.550000000000
23.506000000000,546.400000000000,273.250000000000
23.412000000000,547.100000000000,273.950000000000
23.321000000000,547.900000000000,274.750000000000
23.243000000000,548.700000000000,275.550000000000
23.153000000000,549.400000000000,276.250000000000
23.057000000000,550.100000000000,276.950000000000
22.965000000000,550.800000000000,277.650000000000
22.883000000000,551.400000000000,278.250000000000
22.801000000000,552.100000000000,278.950000000000
22.729000000000,552.800000000000,279.650000000000
22.631000000000,553.500000000000,280.350000000000
22.532000000000,554.300000000000,281.150000000000
22.439000000000,555.100000000000,281.950000000000
22.358000000000,555.900000000000,282.750000000000
22.281000000000,556.500000000000,283.350000000000
22.206000000000,557.100000000000,283.950000000000
22.125000000000,557.800000000000,284.650000000000
22.031000000000,558.500000000000,285.350000000000
21.943000000000,559.100000000000,285.950000000000
21.865000000000,559.900000000000,286.750000000000
21.797000000000,560.700000000000,287.550000000000
21.720000000000,561.200000000000,288.050000000000
21.658000000000,561.900000000000,288.750000000000
21.576000000000,562.600000000000,289.450000000000
21.484000000000,563.400000000000,290.250000000000
21.394000000000,564.100000000000,290.950000000000
21.298000000000,564.700000000000,291.550000000000
21.188000000000,565.300000000000,292.150000000000
21.107000000000,566.100000000000,292.950000000000
21.026000000000,566.800000000000,293.650000000000
20.949000000000,567.400000000000,294.250000000000
20.873000000000,568.100000000000,294.950000000000
20.794000000000,568.900000000000,295.750000000000
20.715000000000,569.700000000000,296.550000000000
20.629000000000,570.300000000000,297.150000000000
20.547000000000,570.800000000000,297.650000000000
20.467000000000,571.500000000000,298.350000000000
20.387000000000,572.200000000000,299.050000000000
20.310000000000,572.700000000000,299.550000000000
20.242000000000,573.400000000000,300.250000000000
20.156000000000,574.100000000000,300.950000000000
20.079000000000,574.800000000000,301.650000000000
19.993000000000,575.500000000000,302.350000000000
19.914000000000,576.200000000000,303.050000000000
19.833000000000,575.900000000000,302.750000000000
19.758000000000,577.400000000000,304.250000000000
19.676000000000,578.000000000000,304.850000000000
19.599000000000,578.600000000000,305.450000000000
19.562000000000,578.900000000000,305.750000000000
19.483000000000,579.700000000000,306.550000000000
19.408000000000,580.100000000000,306.950000000000
19.330000000000,580.900000000000,307.750000000000
19.259000000000,581.300000000000,308.150000000000
19.180000000000,581.900000000000,308.750000000000
19.104000000000,582.500000000000,309.350000000000
19.043000000000,583.300000000000,310.150000000000
18.988000000000,583.900000000000,310.750000000000
18.905000000000,584.700000000000,311.550000000000
18.816000000000,585.000000000000,311.850000000000
18.725000000000,585.800000000000,312.650000000000
18.608000000000,586.200000000000,313.050000000000
18.499000000000,587.000000000000,313.850000000000
18.412000000000,587.600000000000,314.450000000000
18.331000000000,588.200000000000,315.050000000000
18.257000000000,588.800000000000,315.650000000000
18.195000000000,589.400000000000,316.250000000000
18.099000000000,590.000000000000,316.850000000000
18.002000000000,590.600000000000,317.450000000000
17.932000000000,591.200000000000,318.050000000000
17.860000000000,591.800000000000,318.650000000000
17.782000000000,592.400000000000,319.250000000000
17.716000000000,593.000000000000,319.850000000000
17.652000000000,593.600000000000,320.450000000000
17.584000000000,594.000000000000,320.850000000000
17.523000000000,594.500000000000,321.350000000000
17.451000000000,595.300000000000,322.150000000000
17.377000000000,595.700000000000,322.550000000000
17.293000000000,596.200000000000,323.050000000000
17.215000000000,596.700000000000,323.550000000000
17.139000000000,597.300000000000,324.150000000000
17.065000000000,598.100000000000,324.950000000000
16.993000000000,598.700000000000,325.550000000000
16.935000000000,599.300000000000,326.150000000000
16.867000000000,599.700000000000,326.550000000000
16.787000000000,600.100000000000,326.950000000000
16.715000000000,600.700000000000,327.550000000000
16.626000000000,601.300000000000,328.150000000000
16.541000000000,601.900000000000,328.750000000000
16.477000000000,602.500000000000,329.350000000000
16.410000000000,602.900000000000,329.750000000000
16.340000000000,603.500000000000,330.350000000000
16.284000000000,604.100000000000,330.950000000000
16.215000000000,604.500000000000,331.350000000000
16.145000000000,604.900000000000,331.750000000000
16.089000000000,605.500000000000,332.350000000000
16.020000000000,605.900000000000,332.750000000000
15.951000000000,606.500000000000,333.350000000000
15.892000000000,607.100000000000,333.950000000000
15.834000000000,607.700000000000,334.550000000000
15.778000000000,608.100000000000,334.950000000000
15.719000000000,608.700000000000,335.550000000000
15.636000000000,609.100000000000,335.950000000000
15.551000000000,609.700000000000,336.550000000000
15.462000000000,610.300000000000,337.150000000000
15.391000000000,610.500000000000,337.350000000000
15.321000000000,611.300000000000,338.150000000000
15.255000000000,611.800000000000,338.650000000000
15.186000000000,612.200000000000,339.050000000000
15.122000000000,612.600000000000,339.450000000000
15.056000000000,613.200000000000,340.050000000000
15.005000000000,613.800000000000,340.650000000000
14.948000000000,614.200000000000,341.050000000000
14.886000000000,614.800000000000,341.650000000000
14.810000000000,615.400000000000,342.250000000000
14.729000000000,615.800000000000,342.650000000000
14.648000000000,616.200000000000,343.050000000000
14.570000000000,616.800000000000,343.650000000000
14.501000000000,617.200000000000,344.050000000000
14.428000000000,617.800000000000,344.650000000000
14.357000000000,618.200000000000,345.050000000000
14.291000000000,618.600000000000,345.450000000000
14.227000000000,619.200000000000,346.050000000000
14.168000000000,619.600000000000,346.450000000000
14.114000000000,620.200000000000,347.050000000000
14.047000000000,620.600000000000,347.450000000000
13.982000000000,621.000000000000,347.850000000000
13.918000000000,621.600000000000,348.450000000000
13.856000000000,622.200000000000,349.050000000000
13.802000000000,622.600000000000,349.450000000000
13.726000000000,623.000000000000,349.850000000000
13.634000000000,623.400000000000,350.250000000000
13.551000000000,624.000000000000,350.850000000000
13.478000000000,624.400000000000,351.250000000000
13.421000000000,624.800000000000,351.650000000000
13.372000000000,625.400000000000,352.250000000000
13.306000000000,626.000000000000,352.850000000000
13.230000000000,626.400000000000,353.250000000000
13.157000000000,626.800000000000,353.650000000000
13.079000000000,627.200000000000,354.050000000000
12.599000000000,630.900000000000,357.750000000000
12.077000000000,635.500000000000,362.350000000000
11.582000000000,638.900000000000,365.750000000000
11.090000000000,641.900000000000,368.750000000000
10.602000000000,645.900000000000,372.750000000000
10.128000000000,650.100000000000,376.950000000000
9.656000000000,654.300000000000,381.150000000000
9.188000000000,657.400000000000,384.250000000000
8.739000000000,660.300000000000,387.150000000000
8.298000000000,663.900000000000,390.750000000000
7.849000000000,667.900000000000,394.750000000000
7.424000000000,670.900000000000,397.750000000000
6.999000000000,673.900000000000,400.750000000000
6.573000000000,677.900000000000,404.750000000000
6.148000000000,680.900000000000,407.750000000000
5.733000000000,683.900000000000,410.750000000000
5.315000000000,687.400000000000,414.250000000000
4.908000000000,690.900000000000,417.750000000000
4.497000000000,694.200000000000,421.050000000000
4.095000000000,697.900000000000,424.750000000000
3.696000000000,700.400000000000,427.250000000000
3.306000000000,703.900000000000,430.750000000000
2.930000000000,706.900000000000,433.750000000000
2.550000000000,710.300000000000,437.150000000000
2.179000000000,713.900000000000,440.750000000000
1.811000000000,716.400000000000,443.250000000000
1.451000000000,718.900000000000,445.750000000000
1.088000000000,721.900000000000,448.750000000000
0.733000000000,724.900000000000,451.750000000000
0.381000000000,727.900000000000,454.750000000000
0.124000000000,729.500000000000,456.350000000000
0.000000000000,731.000000000000,457.850000000000
