ALT-KM,RHO-KG-M3
119.200000000000,0.000000461000
118.500000000000,0.000000660000
115.800000000000,0.000001320000
113.100000000000,0.000002800000
110.400000000000,0.000005970000
107.700000000000,0.000010100000
105.000000000000,0.000020000000
102.300000000000,0.000038500000
99.600000000000,0.000078600000
97.600000000000,0.000128000000
96.900000000000,0.000185000000
94.200000000000,0.000373000000
91.500000000000,0.000752000000
88.800000000000,0.001340000000
86.200000000000,0.002770000000
85.600000000000,0.002960000000
84.300000000000,0.003950000000
83.600000000000,0.004660000000
83.000000000000,0.005100000000
82.300000000000,0.005960000000
81.800000000000,0.006520000000
80.600000000000,0.008440000000
79.900000000000,0.009890000000
79.400000000000,0.010900000000
78.200000000000,0.013800000000
77.600000000000,0.015600000000
77.100000000000,0.017100000000
76.100000000000,0.020700000000
75.500000000000,0.022800000000
75.100000000000,0.024400000000
74.200000000000,0.028500000000
73.700000000000,0.031300000000
73.300000000000,0.033300000000
72.500000000000,0.038700000000
72.100000000000,0.042200000000
71.800000000000,0.044500000000
71.100000000000,0.051000000000
70.800000000000,0.054500000000
70.500000000000,0.056800000000
69.700000000000,0.066900000000
68.800000000000,0.077000000000
68.000000000000,0.090400000000
67.400000000000,0.104000000000
67.300000000000,0.107000000000
66.800000000000,0.119000000000
66.400000000000,0.135000000000
66.000000000000,0.146000000000
137.100000000000,0.000000000688
135.200000000000,0.000000001270
133.300000000000,0.000000002320
131.400000000000,0.000000003790
129.500000000000,0.000000007410
127.600000000000,0.000000013400
125.700000000000,0.000000027300
123.800000000000,0.000000053500
121.900000000000,0.000000113000
120.000000000000,0.000000231000
118.100000000000,0.000000447000
116.200000000000,0.000000827000
114.300000000000,0.000001500000
112.400000000000,0.000002630000
110.500000000000,0.000004420000
108.600000000000,0.000008090000
106.700000000000,0.000013000000
104.800000000000,0.000021300000
102.900000000000,0.000035100000
101.000000000000,0.000056900000
99.100000000000,0.000101000000
97.200000000000,0.000176000000
95.300000000000,0.000278000000
93.400000000000,0.000467000000
91.600000000000,0.000841000000
89.700000000000,0.001340000000
87.900000000000,0.002150000000
86.000000000000,0.003240000000
84.300000000000,0.004590000000
82.500000000000,0.006640000000
80.900000000000,0.009370000000
79.300000000000,0.012900000000
77.900000000000,0.017300000000
76.600000000000,0.023100000000
75.500000000000,0.029800000000
74.400000000000,0.036500000000
73.600000000000,0.043500000000
72.800000000000,0.049600000000
72.100000000000,0.054500000000
71.500000000000,0.060100000000
128.300000000000,0.000000106000
127.000000000000,0.000000147000
125.800000000000,0.000000156000
124.600000000000,0.000000175000
123.400000000000,0.000000192000
122.200000000000,0.000000261000
121.000000000000,0.000000376000
119.800000000000,0.000000568000
118.600000000000,0.000000725000
117.400000000000,0.000001220000
116.200000000000,0.000001530000
115.000000000000,0.000001750000
113.800000000000,0.000002070000
112.600000000000,0.000002820000
111.400000000000,0.000003610000
110.200000000000,0.000005060000
109.000000000000,0.000006770000
107.900000000000,0.000008960000
106.700000000000,0.000011800000
105.500000000000,0.000015800000
104.300000000000,0.000022300000
103.100000000000,0.000028600000
101.900000000000,0.000038200000
100.700000000000,0.000054100000
99.500000000000,0.000077900000
98.300000000000,0.000112000000
97.100000000000,0.000164000000
95.900000000000,0.000243000000
94.800000000000,0.000349000000
93.600000000000,0.000448000000
92.400000000000,0.000587000000
91.200000000000,0.000793000000
90.100000000000,0.001020000000
88.900000000000,0.001340000000
87.800000000000,0.001710000000
86.700000000000,0.002260000000
85.600000000000,0.003120000000
84.500000000000,0.004180000000
83.400000000000,0.005310000000
82.400000000000,0.006610000000
81.500000000000,0.008070000000
81.000000000000,0.008870000000
80.100000000000,0.010600000000
79.300000000000,0.012300000000
78.500000000000,0.014300000000
77.700000000000,0.016600000000
77.000000000000,0.019200000000
76.400000000000,0.021700000000
75.800000000000,0.024200000000
75.300000000000,0.026500000000
74.800000000000,0.028300000000
74.400000000000,0.031300000000
74.000000000000,0.033900000000
73.600000000000,0.037100000000
73.300000000000,0.039500000000
72.900000000000,0.042400000000
72.600000000000,0.044200000000
72.400000000000,0.045900000000
72.100000000000,0.047300000000
71.900000000000,0.049100000000
71.700000000000,0.051000000000
71.500000000000,0.053300000000
71.300000000000,0.055400000000
71.100000000000,0.057800000000
70.900000000000,0.059400000000
70.800000000000,0.061200000000
70.600000000000,0.063400000000
70.500000000000,0.066400000000
170.000000000000,0.000000000002
166.000000000000,0.000000000004
162.000000000000,0.000000000006
158.000000000000,0.000000000010
154.000000000000,0.000000000020
150.000000000000,0.000000000038
146.000000000000,0.000000000083
142.000000000000,0.000000000201
61.262000000000,0.368700000000
60.395000000000,0.423000000000
59.550000000000,0.484300000000
58.835000000000,0.538200000000
58.119000000000,0.591600000000
57.439000000000,0.648700000000
56.768000000000,0.710100000000
56.204000000000,0.761200000000
55.564000000000,0.826000000000
55.053000000000,0.877500000000
54.424000000000,0.948200000000
53.929000000000,1.003000000000
53.368000000000,1.071000000000
52.914000000000,1.126000000000
52.373000000000,1.197000000000
51.886000000000,1.263000000000
51.424000000000,1.328000000000
50.968000000000,1.394000000000
50.505000000000,1.466000000000
50.106000000000,1.527000000000
49.659000000000,1.602000000000
49.233000000000,1.683000000000
48.824000000000,1.765000000000
48.684000000000,1.790000000000
48.278000000000,1.868000000000
47.876000000000,1.950000000000
47.525000000000,2.024000000000
47.147000000000,2.103000000000
46.763000000000,2.188000000000
46.393000000000,2.272000000000
46.056000000000,2.352000000000
45.698000000000,2.439000000000
45.366000000000,2.521000000000
45.040000000000,2.609000000000
44.725000000000,2.704000000000
44.405000000000,2.796000000000
44.083000000000,2.888000000000
43.790000000000,2.973000000000
43.498000000000,3.062000000000
43.193000000000,3.163000000000
42.873000000000,3.269000000000
42.570000000000,3.367000000000
42.279000000000,3.467000000000
41.999000000000,3.562000000000
41.733000000000,3.654000000000
41.470000000000,3.749000000000
41.185000000000,3.856000000000
40.912000000000,3.954000000000
40.636000000000,4.063000000000
40.413000000000,4.146000000000
40.154000000000,4.248000000000
39.876000000000,4.361000000000
39.643000000000,4.457000000000
39.364000000000,4.575000000000
39.142000000000,4.669000000000
38.876000000000,4.785000000000
38.640000000000,4.888000000000
38.416000000000,4.988000000000
38.173000000000,5.097000000000
37.895000000000,5.229000000000
37.678000000000,5.330000000000
37.424000000000,5.455000000000
37.217000000000,5.552000000000
37.003000000000,5.655000000000
36.773000000000,5.769000000000
36.538000000000,5.888000000000
36.327000000000,5.996000000000
36.101000000000,6.115000000000
35.898000000000,6.222000000000
35.680000000000,6.342000000000
35.466000000000,6.458000000000
35.247000000000,6.579000000000
35.032000000000,6.703000000000
34.847000000000,6.804000000000
34.664000000000,6.908000000000
34.451000000000,7.032000000000
34.258000000000,7.145000000000
34.068000000000,7.259000000000
33.865000000000,7.387000000000
33.666000000000,7.506000000000
33.471000000000,7.630000000000
33.234000000000,7.788000000000
33.060000000000,7.896000000000
32.873000000000,8.017000000000
32.662000000000,8.154000000000
32.495000000000,8.265000000000
32.277000000000,8.415000000000
32.129000000000,8.510000000000
31.943000000000,8.641000000000
31.772000000000,8.752000000000
31.527000000000,8.936000000000
31.388000000000,9.031000000000
31.200000000000,9.166000000000
31.040000000000,9.281000000000
30.869000000000,9.406000000000
30.701000000000,9.532000000000
30.523000000000,9.667000000000
30.382000000000,9.766000000000
30.197000000000,9.910000000000
30.014000000000,10.060000000000
29.857000000000,10.180000000000
29.679000000000,10.320000000000
29.493000000000,10.470000000000
29.330000000000,10.600000000000
29.160000000000,10.740000000000
29.012000000000,10.870000000000
28.835000000000,11.010000000000
28.661000000000,11.160000000000
28.539000000000,11.250000000000
28.378000000000,11.390000000000
28.219000000000,11.530000000000
28.052000000000,11.670000000000
27.859000000000,11.850000000000
27.725000000000,11.960000000000
27.574000000000,12.100000000000
27.452000000000,12.200000000000
27.030000000000,12.590000000000
26.886000000000,12.730000000000
26.586000000000,13.010000000000
26.343000000000,13.220000000000
26.011000000000,13.550000000000
25.754000000000,13.790000000000
25.452000000000,14.100000000000
25.188000000000,14.360000000000
24.906000000000,14.650000000000
24.599000000000,14.980000000000
24.328000000000,15.260000000000
24.056000000000,15.560000000000
23.802000000000,15.830000000000
23.518000000000,16.150000000000
23.246000000000,16.460000000000
22.999000000000,16.730000000000
22.704000000000,17.080000000000
22.466000000000,17.360000000000
22.245000000000,17.610000000000
21.996000000000,17.910000000000
21.751000000000,18.210000000000
21.509000000000,18.500000000000
21.272000000000,18.790000000000
20.973000000000,19.190000000000
20.732000000000,19.500000000000
20.495000000000,19.810000000000
20.240000000000,20.150000000000
20.016000000000,20.450000000000
19.790000000000,20.750000000000
19.562000000000,21.060000000000
19.338000000000,21.370000000000
19.095000000000,21.710000000000
18.877000000000,22.020000000000
18.667000000000,22.320000000000
18.445000000000,22.640000000000
18.182000000000,23.040000000000
17.977000000000,23.340000000000
17.769000000000,23.650000000000
17.536000000000,24.010000000000
17.330000000000,24.320000000000
17.121000000000,24.630000000000
16.906000000000,24.970000000000
16.708000000000,25.270000000000
16.503000000000,25.600000000000
16.357000000000,25.810000000000
16.135000000000,26.190000000000
15.920000000000,26.540000000000
15.733000000000,26.850000000000
15.515000000000,27.210000000000
15.333000000000,27.510000000000
15.124000000000,27.870000000000
14.926000000000,28.210000000000
14.718000000000,28.570000000000
14.514000000000,28.950000000000
14.350000000000,29.210000000000
14.127000000000,29.630000000000
13.899000000000,30.040000000000
13.696000000000,30.400000000000
13.511000000000,30.750000000000
13.306000000000,31.130000000000
13.122000000000,31.470000000000
12.918000000000,31.860000000000
12.801000000000,32.060000000000
12.594000000000,32.450000000000
12.406000000000,32.810000000000
12.028000000000,33.550000000000
11.667000000000,34.270000000000
11.295000000000,35.030000000000
10.975000000000,35.690000000000
10.629000000000,36.400000000000
10.291000000000,37.120000000000
9.974000000000,37.800000000000
9.633000000000,38.540000000000
9.298000000000,39.280000000000
8.970000000000,40.020000000000
8.662000000000,40.720000000000
8.359000000000,41.420000000000
8.070000000000,42.100000000000
7.769000000000,42.810000000000
7.455000000000,43.560000000000
7.146000000000,44.320000000000
6.842000000000,45.070000000000
6.544000000000,45.810000000000
6.250000000000,46.560000000000
5.961000000000,47.300000000000
5.654000000000,48.100000000000
5.362000000000,48.860000000000
5.076000000000,49.630000000000
4.782000000000,50.420000000000
4.482000000000,51.230000000000
4.219000000000,51.950000000000
3.928000000000,52.760000000000
3.631000000000,53.590000000000
3.338000000000,54.420000000000
3.050000000000,55.250000000000
2.776000000000,56.050000000000
2.477000000000,56.930000000000
2.201000000000,57.750000000000
1.910000000000,58.620000000000
1.642000000000,59.440000000000
1.360000000000,60.300000000000
1.100000000000,61.110000000000
0.980000000000,61.480000000000
65.135000000000,0.198500000000
64.049000000000,0.241000000000
63.068000000000,0.283800000000
62.096000000000,0.333200000000
61.201000000000,0.380600000000
60.348000000000,0.437400000000
59.560000000000,0.493300000000
58.818000000000,0.551000000000
58.166000000000,0.603500000000
57.462000000000,0.666300000000
56.826000000000,0.727100000000
56.214000000000,0.784300000000
55.633000000000,0.839600000000
55.049000000000,0.901400000000
54.469000000000,0.965800000000
53.940000000000,1.026000000000
53.413000000000,1.089000000000
53.183000000000,1.117000000000
52.702000000000,1.177000000000
52.209000000000,1.242000000000
51.741000000000,1.308000000000
51.263000000000,1.380000000000
50.802000000000,1.453000000000
50.363000000000,1.524000000000
49.930000000000,1.596000000000
49.503000000000,1.668000000000
49.098000000000,1.740000000000
48.685000000000,1.814000000000
48.285000000000,1.889000000000
47.902000000000,1.965000000000
47.532000000000,2.039000000000
47.162000000000,2.125000000000
46.802000000000,2.211000000000
46.447000000000,2.298000000000
46.090000000000,2.385000000000
45.799000000000,2.457000000000
45.471000000000,2.539000000000
45.100000000000,2.637000000000
44.792000000000,2.723000000000
44.482000000000,2.811000000000
44.162000000000,2.905000000000
43.859000000000,2.994000000000
43.543000000000,3.090000000000
43.252000000000,3.183000000000
42.968000000000,3.274000000000
42.659000000000,3.377000000000
42.381000000000,3.468000000000
42.089000000000,3.573000000000
41.808000000000,3.672000000000
41.523000000000,3.775000000000
41.262000000000,3.873000000000
41.000000000000,3.975000000000
40.747000000000,4.072000000000
40.460000000000,4.189000000000
40.198000000000,4.295000000000
39.928000000000,4.411000000000
39.685000000000,4.514000000000
39.432000000000,4.626000000000
39.188000000000,4.734000000000
38.917000000000,4.863000000000
38.684000000000,4.962000000000
38.454000000000,5.062000000000
38.231000000000,5.163000000000
37.997000000000,5.269000000000
37.767000000000,5.380000000000
37.532000000000,5.492000000000
37.294000000000,5.608000000000
37.056000000000,5.726000000000
36.854000000000,5.823000000000
36.635000000000,5.934000000000
36.416000000000,6.045000000000
36.197000000000,6.159000000000
36.105000000000,6.200000000000
35.888000000000,6.313000000000
35.653000000000,6.444000000000
35.460000000000,6.549000000000
35.253000000000,6.663000000000
35.043000000000,6.779000000000
34.849000000000,6.886000000000
34.639000000000,7.007000000000
34.439000000000,7.123000000000
34.232000000000,7.244000000000
34.020000000000,7.373000000000
33.813000000000,7.499000000000
33.760000000000,7.511000000000
33.402000000000,7.757000000000
33.248000000000,7.846000000000
33.054000000000,7.970000000000
32.869000000000,8.086000000000
32.673000000000,8.215000000000
32.481000000000,8.342000000000
32.304000000000,8.459000000000
32.130000000000,8.575000000000
31.919000000000,8.718000000000
31.751000000000,8.832000000000
31.571000000000,8.961000000000
31.407000000000,9.068000000000
31.220000000000,9.202000000000
31.060000000000,9.320000000000
30.878000000000,9.445000000000
30.698000000000,9.578000000000
30.533000000000,9.698000000000
30.358000000000,9.832000000000
30.197000000000,9.953000000000
30.060000000000,10.050000000000
29.880000000000,10.190000000000
29.714000000000,10.320000000000
29.560000000000,10.440000000000
29.376000000000,10.580000000000
29.226000000000,10.700000000000
29.057000000000,10.840000000000
28.900000000000,10.960000000000
28.735000000000,11.100000000000
28.572000000000,11.230000000000
28.431000000000,11.350000000000
28.272000000000,11.500000000000
28.114000000000,11.620000000000
27.958000000000,11.750000000000
27.718000000000,11.950000000000
27.370000000000,12.250000000000
27.058000000000,12.540000000000
26.762000000000,12.800000000000
26.437000000000,13.110000000000
26.146000000000,13.390000000000
25.843000000000,13.680000000000
25.555000000000,13.960000000000
25.281000000000,14.240000000000
24.997000000000,14.520000000000
24.702000000000,14.820000000000
24.436000000000,15.100000000000
24.168000000000,15.380000000000
23.904000000000,15.660000000000
23.638000000000,15.940000000000
23.356000000000,16.260000000000
23.092000000000,16.550000000000
22.834000000000,16.840000000000
22.567000000000,17.150000000000
22.304000000000,17.460000000000
22.040000000000,17.770000000000
21.755000000000,18.120000000000
21.494000000000,18.440000000000
21.256000000000,18.730000000000
21.003000000000,19.060000000000
20.749000000000,19.370000000000
20.500000000000,19.700000000000
20.259000000000,20.020000000000
20.018000000000,20.330000000000
19.796000000000,20.620000000000
19.550000000000,20.970000000000
19.319000000000,21.280000000000
19.097000000000,21.580000000000
18.862000000000,21.910000000000
18.657000000000,22.200000000000
18.433000000000,22.530000000000
18.228000000000,22.810000000000
18.016000000000,23.130000000000
17.797000000000,23.440000000000
17.590000000000,23.760000000000
17.391000000000,24.060000000000
17.185000000000,24.350000000000
16.963000000000,24.710000000000
16.780000000000,24.980000000000
16.564000000000,25.320000000000
16.381000000000,25.590000000000
16.179000000000,25.910000000000
15.992000000000,26.200000000000
15.773000000000,26.570000000000
15.574000000000,26.900000000000
15.377000000000,27.220000000000
15.170000000000,27.590000000000
14.962000000000,27.930000000000
14.760000000000,28.290000000000
14.553000000000,28.640000000000
14.364000000000,28.980000000000
14.151000000000,29.370000000000
13.944000000000,29.730000000000
13.747000000000,30.090000000000
13.360000000000,30.780000000000
12.989000000000,31.470000000000
12.573000000000,32.290000000000
12.195000000000,33.000000000000
11.792000000000,33.820000000000
11.444000000000,34.500000000000
11.084000000000,35.260000000000
10.744000000000,35.990000000000
10.392000000000,36.740000000000
10.051000000000,37.510000000000
9.678000000000,38.280000000000
9.344000000000,39.050000000000
8.983000000000,39.830000000000
8.626000000000,40.660000000000
8.274000000000,41.520000000000
7.958000000000,42.210000000000
7.637000000000,43.060000000000
7.299000000000,43.890000000000
6.965000000000,44.700000000000
6.632000000000,45.550000000000
6.315000000000,46.340000000000
6.000000000000,47.200000000000
5.682000000000,48.020000000000
5.370000000000,48.850000000000
5.070000000000,49.700000000000
4.756000000000,50.540000000000
4.468000000000,51.340000000000
4.173000000000,52.120000000000
3.866000000000,53.020000000000
3.581000000000,53.860000000000
3.286000000000,54.660000000000
2.997000000000,55.550000000000
2.720000000000,56.350000000000
2.442000000000,57.170000000000
2.171000000000,57.970000000000
1.897000000000,58.850000000000
1.636000000000,59.660000000000
1.358000000000,60.490000000000
1.095000000000,61.360000000000
0.825000000000,62.210000000000
0.559000000000,63.030000000000
0.306000000000,63.840000000000
0.040000000000,64.760000000000
0.000000000000,65.620000000000
0.000000000000,66.500000000000
0.000000000000,67.080000000000
66.852000000000,0.143600000000
66.003000000000,0.167200000000
64.748000000000,0.208500000000
63.603000000000,0.254400000000
62.597000000000,0.302100000000
61.620000000000,0.356700000000
60.736000000000,0.413000000000
59.958000000000,0.467100000000
59.188000000000,0.525100000000
58.517000000000,0.578200000000
57.766000000000,0.643000000000
57.192000000000,0.692100000000
56.576000000000,0.747600000000
55.919000000000,0.809800000000
55.355000000000,0.862300000000
54.763000000000,0.925300000000
54.493000000000,0.953200000000
53.955000000000,1.012000000000
53.447000000000,1.073000000000
52.937000000000,1.134000000000
52.454000000000,1.196000000000
51.985000000000,1.256000000000
51.513000000000,1.324000000000
51.081000000000,1.386000000000
50.621000000000,1.455000000000
50.137000000000,1.532000000000
49.699000000000,1.609000000000
49.308000000000,1.674000000000
48.892000000000,1.747000000000
48.463000000000,1.831000000000
48.089000000000,1.907000000000
47.707000000000,1.989000000000
47.334000000000,2.071000000000
47.008000000000,2.146000000000
46.637000000000,2.236000000000
46.285000000000,2.318000000000
45.875000000000,2.424000000000
45.541000000000,2.508000000000
45.200000000000,2.594000000000
44.853000000000,2.691000000000
44.556000000000,2.773000000000
44.247000000000,2.862000000000
43.925000000000,2.960000000000
43.602000000000,3.059000000000
43.322000000000,3.148000000000
43.028000000000,3.243000000000
42.723000000000,3.345000000000
42.440000000000,3.441000000000
42.164000000000,3.536000000000
41.868000000000,3.639000000000
41.589000000000,3.738000000000
41.347000000000,3.822000000000
41.052000000000,3.934000000000
40.794000000000,4.031000000000
40.542000000000,4.128000000000
40.269000000000,4.234000000000
40.028000000000,4.332000000000
39.768000000000,4.435000000000
39.538000000000,4.527000000000
39.289000000000,4.638000000000
39.046000000000,4.742000000000
38.855000000000,4.823000000000
38.597000000000,4.936000000000
38.346000000000,5.049000000000
38.122000000000,5.149000000000
37.902000000000,5.255000000000
37.666000000000,5.363000000000
37.434000000000,5.477000000000
37.227000000000,5.574000000000
37.004000000000,5.687000000000
36.766000000000,5.806000000000
36.552000000000,5.917000000000
36.323000000000,6.033000000000
36.116000000000,6.136000000000
35.914000000000,6.244000000000
35.679000000000,6.373000000000
35.466000000000,6.490000000000
35.257000000000,6.606000000000
35.051000000000,6.722000000000
34.849000000000,6.837000000000
34.634000000000,6.960000000000
34.456000000000,7.065000000000
34.247000000000,7.187000000000
34.059000000000,7.301000000000
33.873000000000,7.411000000000
33.720000000000,7.496000000000
33.508000000000,7.623000000000
33.316000000000,7.744000000000
33.126000000000,7.870000000000
32.925000000000,7.991000000000
32.741000000000,8.115000000000
32.545000000000,8.241000000000
32.353000000000,8.373000000000
32.178000000000,8.488000000000
31.991000000000,8.613000000000
31.820000000000,8.728000000000
31.664000000000,8.830000000000
31.485000000000,8.951000000000
31.308000000000,9.080000000000
31.134000000000,9.211000000000
30.962000000000,9.332000000000
30.804000000000,9.445000000000
30.613000000000,9.587000000000
30.459000000000,9.699000000000
30.284000000000,9.833000000000
30.123000000000,9.954000000000
29.952000000000,10.080000000000
29.795000000000,10.210000000000
29.640000000000,10.320000000000
29.476000000000,10.450000000000
29.313000000000,10.580000000000
29.142000000000,10.720000000000
28.984000000000,10.840000000000
28.817000000000,10.970000000000
28.641000000000,11.120000000000
28.479000000000,11.250000000000
28.189000000000,11.500000000000
27.876000000000,11.770000000000
27.579000000000,12.020000000000
27.270000000000,12.300000000000
26.969000000000,12.570000000000
26.673000000000,12.840000000000
26.375000000000,13.120000000000
26.092000000000,13.380000000000
25.814000000000,13.640000000000
25.525000000000,13.930000000000
25.242000000000,14.210000000000
24.973000000000,14.480000000000
24.709000000000,14.740000000000
24.441000000000,15.020000000000
24.171000000000,15.300000000000
23.834000000000,15.690000000000
23.604000000000,15.920000000000
23.363000000000,16.180000000000
23.113000000000,16.450000000000
22.866000000000,16.730000000000
22.604000000000,17.040000000000
22.392000000000,17.270000000000
22.144000000000,17.560000000000
21.919000000000,17.810000000000
21.673000000000,18.120000000000
21.418000000000,18.420000000000
21.173000000000,18.740000000000
20.957000000000,18.990000000000
20.720000000000,19.300000000000
20.463000000000,19.640000000000
20.228000000000,19.940000000000
19.991000000000,20.250000000000
19.774000000000,20.540000000000
19.560000000000,20.820000000000
19.349000000000,21.090000000000
19.108000000000,21.430000000000
18.888000000000,21.730000000000
18.649000000000,22.080000000000
18.435000000000,22.380000000000
18.229000000000,22.670000000000
17.985000000000,23.040000000000
17.785000000000,23.330000000000
17.525000000000,23.740000000000
17.306000000000,24.070000000000
17.063000000000,24.440000000000
16.833000000000,24.800000000000
16.606000000000,25.160000000000
16.405000000000,25.480000000000
16.162000000000,25.890000000000
15.944000000000,26.240000000000
15.709000000000,26.640000000000
15.477000000000,27.040000000000
15.227000000000,27.470000000000
15.022000000000,27.830000000000
14.820000000000,28.190000000000
14.620000000000,28.530000000000
14.384000000000,28.960000000000
14.189000000000,29.300000000000
13.959000000000,29.730000000000
13.751000000000,30.120000000000
13.527000000000,30.540000000000
13.324000000000,30.930000000000
13.124000000000,31.300000000000
12.926000000000,31.700000000000
12.713000000000,32.100000000000
12.503000000000,32.530000000000
12.313000000000,32.890000000000
11.922000000000,33.700000000000
11.507000000000,34.520000000000
11.118000000000,35.360000000000
10.754000000000,36.090000000000
10.382000000000,36.930000000000
10.033000000000,37.710000000000
9.677000000000,38.460000000000
9.356000000000,39.220000000000
9.028000000000,39.960000000000
8.733000000000,40.650000000000
8.457000000000,41.310000000000
8.199000000000,41.920000000000
7.918000000000,42.600000000000
7.590000000000,43.410000000000
7.344000000000,44.020000000000
7.026000000000,44.820000000000
6.639000000000,45.800000000000
6.358000000000,46.490000000000
6.009000000000,47.410000000000
5.683000000000,48.290000000000
5.388000000000,49.100000000000
5.065000000000,49.980000000000
4.777000000000,50.710000000000
4.479000000000,51.560000000000
4.186000000000,52.430000000000
3.887000000000,53.240000000000
3.582000000000,54.080000000000
3.312000000000,54.840000000000
3.041000000000,55.660000000000
2.805000000000,56.340000000000
2.517000000000,57.210000000000
2.229000000000,58.080000000000
1.953000000000,58.890000000000
1.673000000000,59.730000000000
1.405000000000,60.540000000000
1.133000000000,61.400000000000
0.890000000000,62.210000000000
0.611000000000,63.070000000000
0.362000000000,63.860000000000
0.101000000000,64.750000000000
0.000000000000,65.130000000000
0.000000000000,65.440000000000
64.827000000000,0.196400000000
64.336000000000,0.214600000000
64.188000000000,0.220700000000
64.034000000000,0.226900000000
63.883000000000,0.233000000000
63.732000000000,0.239700000000
63.581000000000,0.245800000000
63.433000000000,0.252500000000
63.289000000000,0.258800000000
63.144000000000,0.265000000000
63.002000000000,0.271500000000
62.864000000000,0.278000000000
62.729000000000,0.284100000000
62.588000000000,0.290400000000
62.451000000000,0.296600000000
62.321000000000,0.302800000000
62.189000000000,0.309300000000
62.122000000000,0.312000000000
61.995000000000,0.318600000000
61.862000000000,0.325100000000
61.729000000000,0.332500000000
61.603000000000,0.339500000000
61.479000000000,0.346800000000
61.354000000000,0.353900000000
61.228000000000,0.360500000000
61.102000000000,0.367300000000
60.984000000000,0.373700000000
60.868000000000,0.380000000000
60.754000000000,0.386300000000
60.639000000000,0.392800000000
60.525000000000,0.398900000000
60.411000000000,0.405100000000
60.301000000000,0.411400000000
60.187000000000,0.417700000000
60.075000000000,0.424700000000
59.965000000000,0.431200000000
59.849000000000,0.438600000000
59.729000000000,0.446300000000
59.614000000000,0.454300000000
59.506000000000,0.461800000000
59.403000000000,0.469000000000
59.301000000000,0.476700000000
59.200000000000,0.484500000000
59.094000000000,0.492900000000
58.988000000000,0.501400000000
58.879000000000,0.510200000000
58.785000000000,0.517900000000
58.688000000000,0.526000000000
58.588000000000,0.534200000000
58.486000000000,0.543000000000
58.383000000000,0.551100000000
58.279000000000,0.559700000000
58.184000000000,0.567200000000
58.081000000000,0.575600000000
57.982000000000,0.584100000000
57.888000000000,0.591900000000
57.795000000000,0.599900000000
57.706000000000,0.607800000000
57.612000000000,0.615700000000
57.516000000000,0.624600000000
57.423000000000,0.633500000000
57.331000000000,0.641700000000
57.242000000000,0.650100000000
57.149000000000,0.658800000000
57.055000000000,0.667900000000
56.961000000000,0.677000000000
56.870000000000,0.686000000000
56.785000000000,0.694300000000
56.701000000000,0.702200000000
56.615000000000,0.711300000000
56.530000000000,0.719100000000
56.441000000000,0.727600000000
56.355000000000,0.735900000000
56.266000000000,0.744500000000
56.181000000000,0.752400000000
56.094000000000,0.760700000000
56.007000000000,0.768800000000
55.928000000000,0.776000000000
55.838000000000,0.784600000000
55.763000000000,0.792100000000
55.680000000000,0.799800000000
55.600000000000,0.807400000000
55.520000000000,0.815300000000
55.450000000000,0.821700000000
55.365000000000,0.830300000000
55.292000000000,0.837400000000
55.209000000000,0.845700000000
55.119000000000,0.854400000000
55.033000000000,0.863800000000
54.961000000000,0.870900000000
54.888000000000,0.878100000000
54.815000000000,0.885800000000
54.744000000000,0.893300000000
54.658000000000,0.902800000000
54.581000000000,0.910600000000
54.513000000000,0.917500000000
54.436000000000,0.926100000000
54.358000000000,0.934700000000
54.285000000000,0.942600000000
54.201000000000,0.951600000000
54.125000000000,0.960100000000
54.053000000000,0.968600000000
53.970000000000,0.977900000000
53.889000000000,0.987500000000
53.811000000000,0.996600000000
53.742000000000,1.004000000000
53.682000000000,1.011000000000
53.621000000000,1.018000000000
53.559000000000,1.024000000000
53.488000000000,1.033000000000
53.411000000000,1.042000000000
53.341000000000,1.050000000000
53.272000000000,1.058000000000
53.196000000000,1.067000000000
53.129000000000,1.076000000000
53.066000000000,1.083000000000
52.999000000000,1.091000000000
52.929000000000,1.099000000000
52.857000000000,1.108000000000
52.775000000000,1.119000000000
52.701000000000,1.128000000000
52.634000000000,1.136000000000
52.568000000000,1.145000000000
52.504000000000,1.153000000000
52.443000000000,1.160000000000
52.376000000000,1.169000000000
52.312000000000,1.177000000000
52.246000000000,1.185000000000
52.172000000000,1.196000000000
52.094000000000,1.206000000000
52.027000000000,1.215000000000
51.966000000000,1.223000000000
51.905000000000,1.231000000000
51.842000000000,1.240000000000
51.779000000000,1.249000000000
51.719000000000,1.257000000000
51.655000000000,1.266000000000
51.588000000000,1.276000000000
51.525000000000,1.285000000000
51.463000000000,1.293000000000
51.392000000000,1.304000000000
51.321000000000,1.314000000000
51.259000000000,1.322000000000
51.201000000000,1.330000000000
51.132000000000,1.341000000000
51.066000000000,1.351000000000
51.001000000000,1.360000000000
50.937000000000,1.369000000000
50.873000000000,1.379000000000
50.809000000000,1.388000000000
50.747000000000,1.398000000000
50.684000000000,1.407000000000
50.622000000000,1.417000000000
50.560000000000,1.425000000000
50.498000000000,1.436000000000
50.438000000000,1.445000000000
50.377000000000,1.454000000000
50.317000000000,1.464000000000
50.257000000000,1.474000000000
50.198000000000,1.483000000000
50.139000000000,1.492000000000
50.080000000000,1.501000000000
50.020000000000,1.512000000000
49.961000000000,1.522000000000
49.905000000000,1.531000000000
49.848000000000,1.542000000000
49.795000000000,1.552000000000
49.735000000000,1.563000000000
49.668000000000,1.576000000000
49.602000000000,1.585000000000
49.540000000000,1.597000000000
49.480000000000,1.606000000000
49.428000000000,1.616000000000
49.378000000000,1.623000000000
49.318000000000,1.634000000000
49.257000000000,1.644000000000
49.195000000000,1.655000000000
49.133000000000,1.665000000000
49.077000000000,1.675000000000
49.031000000000,1.683000000000
48.974000000000,1.693000000000
48.915000000000,1.703000000000
48.855000000000,1.714000000000
48.795000000000,1.724000000000
48.741000000000,1.733000000000
48.694000000000,1.742000000000
48.645000000000,1.751000000000
48.590000000000,1.760000000000
48.533000000000,1.769000000000
48.482000000000,1.778000000000
48.418000000000,1.791000000000
48.361000000000,1.801000000000
48.316000000000,1.809000000000
48.259000000000,1.819000000000
48.209000000000,1.828000000000
48.153000000000,1.839000000000
48.099000000000,1.848000000000
48.049000000000,1.857000000000
47.998000000000,1.868000000000
47.938000000000,1.879000000000
47.881000000000,1.891000000000
47.828000000000,1.901000000000
47.774000000000,1.912000000000
47.716000000000,1.924000000000
47.656000000000,1.936000000000
47.600000000000,1.947000000000
47.549000000000,1.956000000000
47.507000000000,1.966000000000
47.460000000000,1.975000000000
47.407000000000,1.986000000000
47.347000000000,1.999000000000
47.293000000000,2.011000000000
47.238000000000,2.022000000000
47.192000000000,2.031000000000
47.143000000000,2.043000000000
47.093000000000,2.054000000000
47.047000000000,2.064000000000
46.995000000000,2.077000000000
46.944000000000,2.086000000000
46.393000000000,2.209000000000
46.341000000000,2.220000000000
46.294000000000,2.231000000000
46.241000000000,2.242000000000
46.187000000000,2.256000000000
46.135000000000,2.268000000000
46.083000000000,2.279000000000
46.032000000000,2.292000000000
45.991000000000,2.300000000000
45.943000000000,2.312000000000
45.890000000000,2.325000000000
45.840000000000,2.337000000000
45.789000000000,2.350000000000
45.739000000000,2.363000000000
45.684000000000,2.378000000000
45.623000000000,2.394000000000
45.560000000000,2.410000000000
45.497000000000,2.427000000000
45.435000000000,2.441000000000
45.390000000000,2.453000000000
45.312000000000,2.474000000000
45.219000000000,2.499000000000
45.167000000000,2.513000000000
45.036000000000,2.549000000000
44.860000000000,2.594000000000
44.666000000000,2.646000000000
44.466000000000,2.703000000000
44.262000000000,2.764000000000
44.049000000000,2.829000000000
43.836000000000,2.893000000000
43.615000000000,2.960000000000
43.399000000000,3.028000000000
43.189000000000,3.094000000000
42.990000000000,3.156000000000
42.795000000000,3.219000000000
42.600000000000,3.281000000000
42.402000000000,3.344000000000
42.199000000000,3.412000000000
42.002000000000,3.481000000000
41.812000000000,3.548000000000
41.620000000000,3.615000000000
41.433000000000,3.680000000000
41.246000000000,3.747000000000
41.051000000000,3.820000000000
40.865000000000,3.889000000000
40.677000000000,3.961000000000
40.498000000000,4.029000000000
40.323000000000,4.096000000000
40.144000000000,4.166000000000
39.971000000000,4.235000000000
39.797000000000,4.304000000000
39.717000000000,4.336000000000
39.550000000000,4.404000000000
39.383000000000,4.478000000000
39.218000000000,4.545000000000
39.049000000000,4.618000000000
38.882000000000,4.689000000000
38.720000000000,4.763000000000
38.558000000000,4.832000000000
38.401000000000,4.901000000000
38.250000000000,4.969000000000
38.084000000000,5.051000000000
37.916000000000,5.133000000000
37.759000000000,5.211000000000
37.605000000000,5.283000000000
37.448000000000,5.357000000000
37.291000000000,5.434000000000
37.133000000000,5.513000000000
36.999000000000,5.575000000000
36.865000000000,5.639000000000
36.722000000000,5.709000000000
36.579000000000,5.780000000000
36.412000000000,5.867000000000
36.256000000000,5.949000000000
36.109000000000,6.025000000000
35.966000000000,6.100000000000
35.816000000000,6.181000000000
35.675000000000,6.257000000000
35.530000000000,6.337000000000
35.397000000000,6.410000000000
35.254000000000,6.491000000000
35.116000000000,6.570000000000
34.971000000000,6.653000000000
34.831000000000,6.731000000000
34.697000000000,6.809000000000
34.563000000000,6.887000000000
34.425000000000,6.968000000000
34.288000000000,7.047000000000
34.158000000000,7.124000000000
34.027000000000,7.201000000000
33.894000000000,7.280000000000
33.757000000000,7.365000000000
33.603000000000,7.462000000000
33.459000000000,7.552000000000
33.385000000000,7.598000000000
33.240000000000,7.690000000000
33.113000000000,7.771000000000
32.994000000000,7.845000000000
32.878000000000,7.916000000000
32.742000000000,8.007000000000
32.617000000000,8.089000000000
32.491000000000,8.170000000000
32.348000000000,8.269000000000
32.218000000000,8.353000000000
32.096000000000,8.434000000000
31.979000000000,8.514000000000
31.864000000000,8.592000000000
31.750000000000,8.671000000000
31.619000000000,8.764000000000
31.499000000000,8.845000000000
31.386000000000,8.924000000000
31.268000000000,9.005000000000
31.145000000000,9.093000000000
31.021000000000,9.184000000000
30.894000000000,9.278000000000
30.779000000000,9.362000000000
30.677000000000,9.435000000000
30.562000000000,9.516000000000
30.451000000000,9.598000000000
30.335000000000,9.685000000000
30.224000000000,9.768000000000
30.115000000000,9.850000000000
30.010000000000,9.928000000000
29.900000000000,10.010000000000
29.787000000000,10.100000000000
29.677000000000,10.180000000000
29.571000000000,10.270000000000
29.456000000000,10.360000000000
29.352000000000,10.440000000000
29.248000000000,10.520000000000
29.139000000000,10.610000000000
29.032000000000,10.690000000000
28.923000000000,10.780000000000
28.808000000000,10.890000000000
28.695000000000,10.970000000000
28.582000000000,11.070000000000
28.479000000000,11.150000000000
28.371000000000,11.240000000000
28.264000000000,11.330000000000
28.176000000000,11.400000000000
28.085000000000,11.480000000000
27.976000000000,11.570000000000
27.871000000000,11.660000000000
27.756000000000,11.770000000000
27.644000000000,11.860000000000
27.547000000000,11.950000000000
27.446000000000,12.040000000000
27.329000000000,12.140000000000
27.220000000000,12.240000000000
27.110000000000,12.350000000000
27.010000000000,12.430000000000
26.918000000000,12.520000000000
26.807000000000,12.620000000000
26.695000000000,12.720000000000
26.579000000000,12.830000000000
26.464000000000,12.950000000000
26.408000000000,13.000000000000
26.297000000000,13.110000000000
26.201000000000,13.200000000000
26.104000000000,13.290000000000
25.994000000000,13.400000000000
25.896000000000,13.500000000000
25.789000000000,13.600000000000
25.698000000000,13.690000000000
25.609000000000,13.780000000000
25.505000000000,13.880000000000
25.406000000000,13.980000000000
25.312000000000,14.070000000000
25.222000000000,14.160000000000
25.138000000000,14.240000000000
25.058000000000,14.320000000000
24.960000000000,14.420000000000
24.881000000000,14.500000000000
24.803000000000,14.580000000000
24.711000000000,14.670000000000
24.608000000000,14.780000000000
24.501000000000,14.900000000000
24.392000000000,15.010000000000
24.309000000000,15.100000000000
24.218000000000,15.200000000000
24.127000000000,15.290000000000
24.045000000000,15.380000000000
23.957000000000,15.470000000000
23.868000000000,15.570000000000
23.782000000000,15.660000000000
23.688000000000,15.770000000000
23.595000000000,15.870000000000
23.506000000000,15.970000000000
23.412000000000,16.070000000000
23.321000000000,16.170000000000
23.243000000000,16.260000000000
23.153000000000,16.360000000000
23.057000000000,16.470000000000
22.965000000000,16.580000000000
22.883000000000,16.670000000000
22.801000000000,16.770000000000
22.729000000000,16.850000000000
22.631000000000,16.970000000000
22.532000000000,17.080000000000
22.439000000000,17.190000000000
22.358000000000,17.280000000000
22.281000000000,17.370000000000
22.206000000000,17.460000000000
22.125000000000,17.560000000000
22.031000000000,17.670000000000
21.943000000000,17.780000000000
21.865000000000,17.870000000000
21.797000000000,17.950000000000
21.720000000000,18.050000000000
21.658000000000,18.120000000000
21.576000000000,18.210000000000
21.484000000000,18.330000000000
21.394000000000,18.440000000000
21.298000000000,18.570000000000
21.188000000000,18.720000000000
21.107000000000,18.820000000000
21.026000000000,18.920000000000
20.949000000000,19.010000000000
20.873000000000,19.110000000000
20.794000000000,19.210000000000
20.715000000000,19.300000000000
20.629000000000,19.420000000000
20.547000000000,19.530000000000
20.467000000000,19.630000000000
20.387000000000,19.740000000000
20.310000000000,19.840000000000
20.242000000000,19.930000000000
20.156000000000,20.040000000000
20.079000000000,20.140000000000
19.993000000000,20.250000000000
19.914000000000,20.360000000000
19.833000000000,20.510000000000
19.758000000000,20.570000000000
19.676000000000,20.690000000000
19.599000000000,20.790000000000
19.562000000000,20.840000000000
19.483000000000,20.950000000000
19.408000000000,21.060000000000
19.330000000000,21.160000000000
19.259000000000,21.270000000000
19.180000000000,21.380000000000
19.104000000000,21.490000000000
19.043000000000,21.560000000000
18.988000000000,21.630000000000
18.905000000000,21.750000000000
18.816000000000,21.890000000000
18.725000000000,22.010000000000
18.608000000000,22.200000000000
18.499000000000,22.370000000000
18.412000000000,22.500000000000
18.331000000000,22.620000000000
18.257000000000,22.730000000000
18.195000000000,22.820000000000
18.099000000000,22.960000000000
18.002000000000,23.120000000000
17.932000000000,23.220000000000
17.860000000000,23.330000000000
17.782000000000,23.450000000000
17.716000000000,23.550000000000
17.652000000000,23.640000000000
17.584000000000,23.750000000000
17.523000000000,23.840000000000
17.451000000000,23.940000000000
17.377000000000,24.060000000000
17.293000000000,24.200000000000
17.215000000000,24.330000000000
17.139000000000,24.450000000000
17.065000000000,24.560000000000
16.993000000000,24.670000000000
16.935000000000,24.750000000000
16.867000000000,24.870000000000
16.787000000000,25.000000000000
16.715000000000,25.120000000000
16.626000000000,25.260000000000
16.541000000000,25.410000000000
16.477000000000,25.500000000000
16.410000000000,25.620000000000
16.340000000000,25.730000000000
16.284000000000,25.810000000000
16.215000000000,25.930000000000
16.145000000000,26.060000000000
16.089000000000,26.140000000000
16.020000000000,26.260000000000
15.951000000000,26.370000000000
15.892000000000,26.470000000000
15.834000000000,26.550000000000
15.778000000000,26.650000000000
15.719000000000,26.740000000000
15.636000000000,26.900000000000
15.551000000000,27.040000000000
15.462000000000,27.200000000000
15.391000000000,27.340000000000
15.321000000000,27.440000000000
15.255000000000,27.550000000000
15.186000000000,27.680000000000
15.122000000000,27.790000000000
15.056000000000,27.910000000000
15.005000000000,27.980000000000
14.948000000000,28.090000000000
14.886000000000,28.190000000000
14.810000000000,28.320000000000
14.729000000000,28.480000000000
14.648000000000,28.630000000000
14.570000000000,28.770000000000
14.501000000000,28.900000000000
14.428000000000,29.030000000000
14.357000000000,29.170000000000
14.291000000000,29.290000000000
14.227000000000,29.400000000000
14.168000000000,29.510000000000
14.114000000000,29.600000000000
14.047000000000,29.730000000000
13.982000000000,29.850000000000
13.918000000000,29.970000000000
13.856000000000,30.080000000000
13.802000000000,30.180000000000
13.726000000000,30.330000000000
13.634000000000,30.520000000000
13.551000000000,30.670000000000
13.478000000000,30.820000000000
13.421000000000,30.930000000000
13.372000000000,31.010000000000
13.306000000000,31.130000000000
13.230000000000,31.290000000000
13.157000000000,31.440000000000
13.079000000000,31.600000000000
12.599000000000,32.540000000000
12.077000000000,33.550000000000
11.582000000000,34.590000000000
11.090000000000,35.660000000000
10.602000000000,36.700000000000
10.128000000000,37.710000000000
9.656000000000,38.720000000000
9.188000000000,39.820000000000
8.739000000000,40.900000000000
8.298000000000,41.940000000000
7.849000000000,42.980000000000
7.424000000000,44.050000000000
6.999000000000,45.140000000000
6.573000000000,46.180000000000
6.148000000000,47.300000000000
5.733000000000,48.420000000000
5.315000000000,49.530000000000
4.908000000000,50.610000000000
4.497000000000,51.750000000000
4.095000000000,52.840000000000
3.696000000000,54.040000000000
3.306000000000,55.130000000000
2.930000000000,56.230000000000
2.550000000000,57.320000000000
2.179000000000,58.370000000000
1.811000000000,59.530000000000
1.451000000000,60.680000000000
1.088000000000,61.810000000000
0.733000000000,62.920000000000
0.381000000000,64.030000000000
0.124000000000,64.920000000000
0.000000000000,65.280000000000
